iter,MH,MW,MAG,ROT,LW1,LW2,Theta1,Theta2,I0,I1,I2,phi0,phi1,phi2
1,0.00631,0.023144,0.013064,1.07,0.001596,0.00368,20.79,0.401981,10.61,9.23,10.06,1.73,-1.19,0.939999999999998
2,0.008916,0.01993,0.006812,17.34,0.002801,0.00276,18.84,0.308837,9.62,10.65,9.76,-1.54,2.42,-3.16
3,0.009652,0.020487,0.010369,5.96,0.002353,0.002056,21.27,0.204521,9.36,10.2,9.48,-2.64,-3.3,2.93000000000001
4,0.003122,0.016335,0.009116,12.49,0.001055,0.003386,19.35,0.486613,10.36,9.67,10.72,2.83,4.68,-0.150000000000006
5,0.003831,0.021459,0.005787,13.87,0.001266,0.003806,21.54,0.13855,9,10.94,9.23,4.99,-4.14,-4.74
6,0.007133,0.024741,0.008247,18.78,0.002527,0.002431,20.02,0.468426,10.76,9.99,10.31,-0.64,-1.4,-1.65000000000001
7,0.005601,0.018402,0.012,2.79,0.001823,0.00301,18.1,0.250053,9.75,10.38,9.51,1.07,0.02,3.84999999999999
8,0.004984,0.021129,0.007888,9.66,0.002929,0.003358,21.9,0.100647,9.18,9.61,9.64,2.04,3.27,-2.41
9,0.007751,0.016979,0.01164,13.13,0.001725,0.002216,19.97,0.569033,10.18,10.02,10.43,-2.47,-4.39,4.59
10,0.010822,0.022535,0.005582,4.55,0.001184,0.002984,20.42,0.442364,10.93,10.58,10.84,-3.59,1.01,-4.31999999999999
11,0.004444,0.019323,0.014335,18.28,0.002482,0.003592,18.46,0.286002,9.94,9.04,9.11,3.16,-2.28,1.5
12,0.002504,0.024131,0.01077,15.59,0.002193,0.003234,20.65,0.368474,10.7,10.32,10.59,4.06,1.42,3.63
13,0.010269,0.017795,0.009519,1.58,0.001395,0.002341,18.73,0.336364,9.7,9.81,9.36,-4.25,-0.3,-0.790000000000006
14,0.008304,0.0221,0.01331,10.5,0.001952,0.002608,21.16,0.175042,9.45,9.37,9.88,-0.31,4.31,0.620000000000005
15,0.006923,0.016076,0.007057,6.7,0.002655,0.003965,19.21,0.518169,10.45,10.75,10.18,0.12,-3.04,-2.78
16,0.006045,0.018039,0.009488,18.51,0.002934,0.002529,18.27,0.469852,9.62,10.39,10.97,1.36,1.83,-3.58
17,0.008715,0.015798,0.007734,3.43,0.002295,0.003162,20.98,0.530222,9.22,10.93,9.97,-4.9,-1.79,2.37
18,0.002248,0.017829,0.005116,8.29,0.001536,0.002538,21.46,0.325285,10.97,9.88,10.55,0.73,-4.05,4.37
19,0.00404,0.023086,0.00999,5.35,0.001763,0.002146,19.65,0.422437,9.64,10.73,9.01,1.47,4.76,0.829999999999998
20,0.007998,0.020742,0.007216,0.44,0.002007,0.00352,18.17,0.119599,10.39,9.71,10.46,-2.9,2.02,2.75
21,0.004767,0.017394,0.013464,16.73,0.001335,0.002913,20.21,0.589206,9.4,10.17,9.72,2.55,-0.63,-0.569999999999993
22,0.00538,0.024638,0.006346,11.12,0.002416,0.00269,19.79,0.457409,9.54,9.81,9.6,4.3,-2.64,3.19
23,0.007385,0.018475,0.012593,7.34,0.001246,0.00386,21.83,0.237814,10.54,10.31,10.33,-3.95,3.75,-1
24,0.011812,0.021669,0.008962,16.23,0.001658,0.003066,18.28,0.150543,10.3,10.87,10.93,-0.07,-0.37,0.109999999999999
25,0.003423,0.015193,0.010211,2.2,0.002985,0.002486,20.35,0.556185,9.29,9.25,9.13,0.42,1.64,-2.91
26,0.002861,0.020141,0.014693,3.94,0.002711,0.002816,18.54,0.224755,10.09,10.1,10.68,2.42,-2.03,-1.91
27,0.009865,0.01679,0.005946,17.64,0.001885,0.003736,20.59,0.505626,9.09,9.52,9.38,-2.14,0.92,4.69
28,0.009333,0.023735,0.012467,9.03,0.001456,0.00344,19.02,0.382726,9.84,9.08,9.84,-3.21,-4.92,-3.90000000000001
29,0.005941,0.019447,0.008718,12.52,0.002128,0.00211,21.1,0.288848,10.84,10.54,10.08,3.48,3.66,1.69
30,0.005884,0.020326,0.005386,16.47,0.001872,0.002439,19.47,0.229663,9.22,9.16,10.98,-4.12,-4.59,-2.05
31,0.01008,0.023294,0.008081,11.49,0.002116,0.003813,18.97,0.56385,10.97,10.14,9.54,0.26,-2.49,-4.04000000000001
32,0.002684,0.01977,0.011834,5.04,0.001288,0.002737,20.92,0.156735,9.96,9.73,10.27,-0.53,1.1,1.86
33,0.003402,0.0249,0.013269,8.66,0.001014,0.002063,18.23,0.496992,10.66,10.88,9.79,-2.29,-0.09,3.33
34,0.011873,0.018251,0.007017,14.79,0.002343,0.003487,20.15,0.215625,9.67,9.5,10.02,1.93,1.32,-1.17
35,0.007559,0.021307,0.010809,3.67,0.002755,0.003689,19.71,0.296015,9.42,9.93,10.74,3.33,-2.82,0.239999999999995
36,0.005165,0.015595,0.009556,19.74,0.001583,0.002863,21.66,0.389412,10.42,10.44,9.44,-3.69,4.2,-3.08
37,0.004553,0.022687,0.010565,12.87,0.002666,0.002523,18.34,0.523178,10.52,9.54,9.32,-4.42,2.19,0.700000000000003
38,0.008172,0.01916,0.009313,9.33,0.001992,0.003911,20.29,0.179799,9.52,10.08,10.61,4.77,-1.08,-3.48
39,0.00402,0.017129,0.006618,4.26,0.002238,0.002285,21.77,0.365182,10.27,9.1,9.91,-0.85,-3.19,-0.390000000000001
40,0.002071,0.02195,0.008288,1.95,0.002465,0.002897,19.08,0.259264,9.1,10.26,10.4,-1.36,3.11,-4.40000000000001
41,0.008735,0.024294,0.005748,6.96,0.001704,0.003273,18.61,0.597235,10.84,9.31,9.06,3.01,0.22,-1.39
42,0.006502,0.017642,0.014502,10.83,0.002876,0.002162,20.53,0.129085,9.85,10.81,10.86,-2.74,-1.49,4.19
43,0.006748,0.02383,0.008847,3.06,0.001346,0.003607,21.33,0.578101,9.57,9.38,10.77,-2,3.98,3.45999999999999
44,0.008517,0.017979,0.010094,19.11,0.002047,0.002969,19.28,0.109219,10.58,10.99,9.04,2.2,-2.75,-0.650000000000006
45,0.010291,0.022424,0.006464,8.03,0.002604,0.002231,20.86,0.279376,10.32,10.43,9.7,3.62,1.87,0.450000000000003
46,0.002445,0.015635,0.012712,14.18,0.001808,0.003343,18.78,0.435258,9.32,9.94,10.5,-3.42,-0.49,-2.64
47,0.004227,0.020906,0.012194,12.11,0.001519,0.003981,20.09,0.345911,10.06,10.67,9.95,-3.78,0.72,-2.23
48,0.010998,0.017242,0.008447,5.68,0.002815,0.002592,18.04,0.376564,9.06,9.2,10.25,4.2,-1.95,4.45
49,0.004966,0.018961,0.00622,0.73,0.001072,0.003218,19.52,0.167439,10.81,10.23,9.29,-0.17,-4.84,1.36
50,0.005583,0.02182,0.01398,6.35,0.002176,0.003433,20.48,0.314845,10.13,9.75,9.42,-1.68,-1.57,-4.91
51,0.007191,0.015034,0.005233,10.2,0.001474,0.002009,18.4,0.409463,9.13,10.37,10.65,1.26,0.46,2.06999999999999
52,0.003614,0.018627,0.007615,15.27,0.002733,0.003633,19.91,0.196553,10.88,9.32,9.83,-3.12,2.57,3.99
53,0.003063,0.023582,0.007488,18.52,0.002944,0.003057,21.22,0.551428,9.74,10.04,10.37,-4.72,-3.74,1.12
54,0.009129,0.020301,0.009715,13.51,0.0012,0.002683,20.72,0.241106,10.49,9.02,9.17,0.9,-0.85,3.11
55,0.006135,0.01664,0.010963,9.95,0.002403,0.003759,18.67,0.459976,9.48,10.61,10.9,-1.1,2.12,-0.290000000000006
56,0.006186,0.021387,0.009413,10.08,0.002551,0.003244,18.15,0.43033,9.95,9.12,9.11,0.34,-3.78,-3.43000000000001
57,0.009049,0.015539,0.010662,6.46,0.00185,0.002323,20.23,0.274445,10.95,10.51,10.82,-0.15,2.63,1.23
58,0.009758,0.024981,0.007187,15.07,0.001312,0.002617,19.66,0.112203,10.2,10.06,10.41,-4.03,-1.67,-0.180000000000007
59,0.003007,0.018196,0.013434,1.51,0.002108,0.003947,21.71,0.581066,9.2,9.56,9.65,4.22,0.36,2.99
60,0.00365,0.01878,0.009342,11.22,0.002454,0.003225,20.71,0.561934,9.66,9.74,9.25,-2.04,1.98,-0.890000000000001
61,0.01157,0.019723,0.007919,18.64,0.001023,0.002198,21.47,0.507116,9.44,9.3,9.9,-3.13,2.06,-4.93000000000001
62,0.007238,0.020415,0.014284,9.75,0.001576,0.002994,18.92,0.379527,9.68,9.86,9.36,-2.06,-3.65,3.98
63,0.004832,0.018496,0.00699,5.43,0.001867,0.003674,20.85,0.598861,9.52,10.83,9.65,-5,-0.34,-3.22
64,0.010035,0.024075,0.008876,17.5,0.002822,0.003294,21.66,0.194851,9.75,10.79,9.4,4.89,-3,0.930000000000007
65,0.00787,0.017552,0.005916,2.86,0.002672,0.002654,21.08,0.482029,9.25,10.13,9.48,-1.08,-0.58,-2.3
66,0.004342,0.016145,0.008143,7.91,0.001433,0.003028,20.61,0.311974,10.5,9.18,10.04,4.54,-2.69,-4.13
67,0.002374,0.021025,0.006766,5.87,0.001144,0.00367,18.29,0.464816,9.86,10.46,9.52,2.64,3.55,-0.760000000000005
68,0.008412,0.022744,0.009149,0.84,0.002899,0.002046,19.77,0.142661,10.11,9.48,10.94,-1.74,0.66,-2.51000000000001
69,0.006824,0.019081,0.010396,16.98,0.001696,0.003404,21.85,0.548536,9.11,10.89,9.24,1.55,-2.01,0.329999999999998
70,0.006446,0.022885,0.00607,9.14,0.002041,0.002833,20.04,0.161612,9.34,9.33,9.15,3.23,4.4,2.33
71,0.010612,0.020853,0.008609,4.15,0.001784,0.003457,21.52,0.444887,10.59,10.36,10.33,-2.39,2.29,4.09
72,0.002122,0.017327,0.012361,18.03,0.002612,0.0021,19.6,0.226746,9.59,9.77,9.62,2.11,-0.98,-1.27
73,0.003925,0.022382,0.012548,15.69,0.00284,0.002708,21.28,0.394267,10.79,10.62,10.07,0.05,0.27,-3.55
74,0.011302,0.015731,0.006294,2.15,0.00151,0.00385,19.33,0.300897,9.79,9,9.87,-0.4,-1.43,0.709999999999994
75,0.00813,0.023789,0.010242,10.72,0.001079,0.003084,20.78,0.212706,9.05,9.57,9.4,-4.33,3.01,-0.390000000000001
76,0.004643,0.018075,0.00899,7.08,0.002251,0.002476,18.86,0.494085,10.04,10.06,10.67,3.98,-4.32,2.55
77,0.00528,0.020206,0.011133,0.23,0.001496,0.002129,21.14,0.360269,10.89,9.96,10.54,2.91,-2.39,-1.18000000000001
78,0.007493,0.016682,0.00988,16.35,0.00217,0.003299,19.22,0.328911,9.9,10.42,9.28,-2.57,1.2,3.39
79,0.003292,0.019651,0.007341,11.3,0.001913,0.002923,18.72,0.526127,10.15,9.4,10.2,1.81,3.31,0.230000000000004
80,0.002759,0.02439,0.00776,14.91,0.001639,0.002252,20.4,0.124198,9.48,10.25,9.75,0.99,-2.92,4.97
81,0.009975,0.018678,0.011514,8.55,0.002969,0.003172,18.48,0.592328,10.47,9.63,10.45,-0.71,4.11,-2.17
82,0.009452,0.021734,0.005066,19.94,0.00238,0.003878,21.91,0.419314,10.72,9.19,10.79,-4.63,-0.03,1.73
83,0.005813,0.015084,0.013817,3.48,0.001208,0.002548,19.96,0.262208,9.72,10.69,9.03,4.91,1.37,-3.93000000000001
84,0.005987,0.02483,0.012165,7.38,0.002791,0.002876,21.59,0.322408,10.35,9.06,9.93,-3.04,-0.43,4.84
85,0.009238,0.018355,0.008417,11.08,0.001621,0.00355,19.54,0.353286,9.35,10.57,10.14,2.77,1.58,-1.98999999999999
86,0.00282,0.015386,0.005644,15.95,0.00236,0.002176,18.02,0.191188,10.6,9.62,9.34,-1.6,3.85,-3.75
87,0.003508,0.020569,0.009267,17.68,0.002086,0.002501,20.84,0.586319,9.77,10.77,10.86,-1.18,-4.86,-1.04000000000001
88,0.007437,0.023225,0.00665,12.79,0.001831,0.003125,21.35,0.271634,10.02,9.79,9.68,4.45,-2.13,-2.87
89,0.005299,0.019874,0.012897,8.75,0.002503,0.002299,19.27,0.427282,9.02,10.34,10.38,-4.8,0.82,0.0499999999999972
90,0.004662,0.022157,0.006912,3.16,0.00175,0.002084,20.73,0.559159,9.92,9.69,10.26,-3.34,2.76,-3.69
91,0.008074,0.015996,0.01316,19.67,0.00292,0.003473,18.65,0.153521,10.92,10.19,9.56,3.7,-3.95,0.890000000000001
92,0.008837,0.023202,0.007461,1.7,0.001483,0.003869,21.77,0.169278,9.57,9.63,9.99,2.13,4.64,3.25
93,0.00414,0.017714,0.010933,14.55,0.001162,0.002849,19.16,0.452491,9.17,9.24,10.98,-1.93,-1.84,2.72
94,0.002183,0.022581,0.014166,11.58,0.001389,0.002461,21.98,0.291829,10.47,10.4,9.47,-0.25,1.92,2.47
95,0.010592,0.019232,0.005418,5.62,0.002215,0.003099,19.9,0.385695,9.46,9.98,10.73,0.52,-0.73,-4.68000000000001
96,0.008606,0.021175,0.011783,16.69,0.002631,0.003835,20.46,0.50071,9.71,9.42,10.01,4.12,4.81,4.23
97,0.00662,0.016889,0.008036,0.47,0.00196,0.002723,18.41,0.219812,10.71,10.96,9.81,-3.85,-3.46,-1.44
98,0.006881,0.020702,0.013631,13.41,0.002305,0.003044,19.73,0.489572,10.99,9.27,9.83,-0.93,1.07,-0.930000000000007
99,0.008394,0.01749,0.007378,9.39,0.0011,0.002405,21.65,0.207454,9.99,10.85,10.1,1.13,-2.22,3.72
100,0.003271,0.022555,0.014938,2.67,0.001798,0.002545,21.4,0.144307,9.89,10.06,9.15,-2.55,-4.43,-1.47
101,0.002551,0.018896,0.00984,4.52,0.002857,0.003781,20.17,0.397078,10.24,9.83,9.43,-4.5,-4.49,0.469999999999999
102,0.004363,0.023938,0.005259,1.85,0.002568,0.003419,18.98,0.252987,9.38,10.56,10.88,-2.66,4.25,4.63
103,0.007695,0.02222,0.007565,6.75,0.001327,0.002793,19.46,0.540024,10.63,9.51,9.58,1.71,1.52,1.47
104,0.005069,0.015883,0.011316,10.47,0.002031,0.003655,21.41,0.133653,9.63,10.12,10.34,-1.29,-0.21,-4.27
105,0.005701,0.023649,0.008571,17.31,0.001221,0.003994,18.59,0.283079,9.31,9.89,10.47,-0.61,-3.4,1.97
106,0.007062,0.019497,0.012324,1.11,0.002425,0.00257,20.54,0.43946,10.3,10.48,9.7,0.18,4.59,-4.79000000000001
107,0.01151,0.020055,0.006111,12.22,0.002978,0.00237,19.1,0.5739,10.56,10.92,9.05,3.77,-1.13,3.81
108,0.003726,0.016841,0.014863,6.24,0.001681,0.003196,21.02,0.105517,9.56,9.46,10.75,-4.19,2.48,-1.63
109,0.003183,0.021575,0.010049,7.63,0.001891,0.003621,19.84,0.515267,10.82,10.18,9.3,-3.61,-1.3,-3.25
110,0.009542,0.015235,0.008796,13.92,0.002689,0.002947,21.79,0.172113,9.83,9.69,10.51,3.41,0.12,1.09
111,0.009031,0.024543,0.012743,2.53,0.002152,0.002245,18.35,0.341236,9.07,9.13,10.22,2.02,-4.2,-0.0100000000000051
112,0.006244,0.018516,0.006492,19.06,0.001448,0.003321,20.27,0.373335,10.08,10.75,9.96,-2.22,2.85,2.84999999999999
113,0.006275,0.020985,0.010303,4.62,0.002094,0.002744,19.07,0.417933,10.63,10.02,9.69,-0.21,4.36,-1.70999999999999
114,0.008962,0.017166,0.009056,18.17,0.001298,0.003824,21.05,0.261575,9.64,9.6,10.49,0.57,-2.98,3.87
115,0.003231,0.019197,0.006282,13.23,0.002557,0.002448,20.51,0.595418,10.39,10.59,9.04,-3.81,-0.24,1.88
116,0.003793,0.024223,0.008656,10.55,0.002768,0.002867,18.32,0.185766,9.25,9.8,10.52,-3.38,0.95,2.92
117,0.007012,0.02188,0.006038,15.54,0.001025,0.003493,19.86,0.359697,11,10.76,9.94,2.24,3.21,1.01000000000001
118,0.005712,0.016185,0.014786,1.66,0.00232,0.002074,21.75,0.327591,9.99,9.36,10.24,-1.97,-4.44,-3.18000000000001
119,0.0051,0.023345,0.005014,6.03,0.001427,0.002296,18.25,0.209388,9.07,10.65,10.11,-1.13,-1.33,0.560000000000002
120,0.007625,0.019841,0.013761,12.39,0.002224,0.003153,20.14,0.491483,10.07,9.22,9.82,0.87,0.06,-2.76000000000001
121,0.010865,0.020377,0.007787,1,0.002686,0.00392,19.69,0.39516,10.81,9.66,9.41,4.49,-4.07,3.65000000000001
122,0.004411,0.01656,0.011535,17.46,0.001984,0.002527,21.68,0.302019,9.82,10.21,10.65,-4.76,2.95,-0.840000000000003
123,0.002618,0.02127,0.013517,18.83,0.001694,0.002171,19.49,0.445947,10.55,9.43,9.16,-3.08,-3.34,-4.34
124,0.010146,0.015578,0.00727,2.71,0.002897,0.003278,21.38,0.227577,9.55,10.95,10.9,2.73,4.61,1.55
125,0.008583,0.016581,0.009069,8.06,0.002517,0.003699,19.65,0.103265,10.44,10,9.08,-0.27,-3.71,-2.99
126,0.006892,0.018234,0.009887,7.76,0.001154,0.002904,20.93,0.565449,10.3,9.99,9.56,-1.65,2.35,4.56
127,0.00805,0.02184,0.005837,5.72,0.002805,0.003118,21.47,0.52167,9.17,9.35,10.6,-1.95,2.54,-2.14
128,0.008595,0.01864,0.005481,2.3,0.001794,0.002226,19.13,0.545461,9.03,9.82,10.27,3.3,3.61,-0.590000000000003
129,0.002211,0.015046,0.007941,7.23,0.002039,0.003601,18.68,0.246591,10.78,10.86,9.2,-2.33,0.88,-3.59999999999999
130,0.004149,0.020245,0.007111,8.98,0.002265,0.003207,20.5,0.407152,9.6,9.53,10.75,-0.5,-0.33,-1.51000000000001
131,0.008043,0.023526,0.009416,3.99,0.001504,0.002583,21.94,0.19837,10.35,10.54,9.79,3.88,-2.59,-4.59999999999999
132,0.004731,0.019533,0.010668,17.56,0.002834,0.003976,19.93,0.479245,9.36,9.09,10.03,-4.08,3.83,2.40000000000001
133,0.005349,0.022499,0.00921,14.44,0.001915,0.003628,20.07,0.37865,9.71,10.92,10.15,-2.78,1.96,-3.84
134,0.007426,0.015691,0.010461,8.4,0.002743,0.002798,18.06,0.347764,10.71,9.45,9.92,2.98,-0.7,1.66
135,0.011689,0.023905,0.006748,19.47,0.00216,0.002002,21.61,0.165839,10.46,9.88,9.33,1.6,4.7,-1.92
136,0.003536,0.018035,0.013001,3.33,0.001486,0.003422,19.5,0.509702,9.45,10.49,10.62,-1.4,-3.59,4.75
137,0.002828,0.022924,0.011936,0.39,0.001214,0.003753,21.32,0.114729,10.16,9.15,9.08,-0.82,2.73,0.120000000000005
138,0.009907,0.018929,0.008184,16.83,0.002386,0.002672,19.3,0.58434,9.16,10.72,10.87,1.24,-4,-2.95999999999999
139,0.006057,0.017211,0.005879,11.78,0.001625,0.003048,18.76,0.273629,10.91,9.72,9.66,-4.38,-1.73,-0.969999999999999
140,0.005763,0.022542,0.007513,17.83,0.002374,0.003375,20.64,0.338696,9.04,10.09,9.26,2.51,0.17,0.299999999999997
141,0.009463,0.01935,0.01126,4.37,0.001046,0.002049,18.75,0.370077,10.03,9.54,10.56,-2.95,-1.56,-3.09999999999999
142,0.010042,0.021136,0.005286,12.94,0.001615,0.002751,21.17,0.516327,10.79,9.09,10.22,-1.86,3.07,3.3
143,0.002731,0.017006,0.014034,9.22,0.002786,0.003675,19.19,0.172945,9.78,10.53,9.98,1.43,-4.29,-1.11
144,0.003284,0.022039,0.011016,6.91,0.002513,0.003002,21.88,0.574792,10.58,9.86,10.47,0.77,4.53,-4.02
145,0.011982,0.016034,0.009769,10.92,0.001841,0.002425,19.99,0.106639,9.59,10.26,9.73,-0.96,-3.14,1.8
146,0.007524,0.02407,0.013634,1.99,0.001257,0.002626,20.44,0.27976,9.33,10.82,9.01,-4.86,2.26,-2.09999999999999
147,0.005211,0.017753,0.007385,15.79,0.002084,0.003799,18.45,0.436858,10.33,9.3,10.81,4.67,-1.03,4.88
148,0.004593,0.020529,0.012804,11.43,0.001167,0.003585,21.55,0.539452,10.73,10.72,10.93,3.44,-2.88,-1.33
149,0.008142,0.016397,0.006557,5.15,0.002495,0.002974,19.56,0.132334,9.73,9.16,9.13,-3.25,4.15,4.18000000000001
150,0.011369,0.023185,0.010031,16.54,0.002906,0.00221,20.01,0.256016,9.48,9.72,9.61,-2.19,-0.15,-4.42
151,0.003897,0.019991,0.008783,0,0.001736,0.00335,18.12,0.47415,10.48,10.15,10.34,2.38,1.26,2.26000000000001
152,0.002114,0.024714,0.006157,3.63,0.001962,0.00396,20.81,0.306775,9.15,9.49,9.86,0.46,-2.44,2.63
153,0.008851,0.021433,0.008539,8.71,0.002205,0.002334,21.25,0.488191,10.9,10.45,10.68,-3.91,-4.54,0.640000000000001
154,0.006376,0.015425,0.012287,14.7,0.001379,0.003223,19.36,0.20682,9.91,9.93,9.38,4.34,3.43,-3.47
155,0.006793,0.021691,0.006711,1.38,0.002847,0.002543,18.56,0.499634,9.67,10.36,9.47,1.03,-0.79,-4.2
156,0.008481,0.015196,0.012963,15.16,0.00155,0.003904,20.58,0.218996,10.68,9.76,10.7,-0.68,2.18,1.38
157,0.010399,0.02466,0.009249,6.28,0.001102,0.003169,19,0.294354,10.43,9.33,10.05,-4.6,-3.68,-2.20999999999999
158,0.002327,0.018477,0.010502,10.31,0.002306,0.00228,21.11,0.388967,9.43,10.8,9.76,4.95,4.91,4.39
159,0.004275,0.023689,0.014437,13.56,0.002017,0.00292,19.8,0.236211,10.19,9.59,10.3,2.88,-3.9,0.420000000000002
160,0.01096,0.019381,0.005685,9.86,0.001313,0.003531,21.81,0.455077,9.19,10.04,9.51,-2.6,2.51,-2.58
161,0.00792,0.020095,0.012133,18.47,0.001776,0.003294,18.26,0.558282,9.94,10.6,9.22,-1.49,-1.63,3.51000000000001
162,0.004845,0.016724,0.00838,4.99,0.002574,0.002155,20.37,0.152385,10.94,9.03,10.96,1.77,0.4,-0.670000000000002
163,0.005458,0.024056,0.011731,8.1,0.001679,0.002495,19.63,0.26862,10.12,10.98,10.83,0.08,3.5,3.05
164,0.007307,0.017876,0.007979,14.07,0.002976,0.003071,21.74,0.424497,9.12,9.39,9.1,-0.36,-4.77,-0.269999999999996
165,0.003657,0.015844,0.00544,19.21,0.001231,0.002697,20.2,0.118021,10.87,10.43,10.43,4.02,-1.88,-3.36
166,0.002939,0.02074,0.00961,17.16,0.001442,0.00212,18.89,0.536439,9.51,9.21,9.88,3.2,1.8,-1.84999999999999
167,0.009786,0.017372,0.010862,0.64,0.002146,0.003447,21,0.191836,10.51,10.66,10.18,-3.55,-0.53,4.05
168,0.009099,0.023084,0.006914,12.07,0.002703,0.003744,19.42,0.319562,10.26,10.22,10.58,-2.43,3.91,-4.86
169,0.006175,0.018779,0.013167,5.77,0.001905,0.002821,21.44,0.350211,9.26,9.65,9.35,2.08,-2.8,2.06
170,0.006065,0.024171,0.007238,14.34,0.001053,0.00218,21.98,0.384091,9.8,10.13,10.63,-1.32,0.67,3.92
171,0.009721,0.02214,0.009934,19.25,0.00281,0.003556,20.45,0.221909,10.05,9.17,9.84,3.05,3.56,2.16
172,0.003054,0.015959,0.011186,2.95,0.001606,0.002887,18.44,0.502551,9.05,10.7,10.11,-2.7,-4.71,-4.98
173,0.003586,0.021245,0.013872,0.91,0.001817,0.002306,20.75,0.14753,10.31,9.91,9.59,-4.46,4,-0.200000000000003
174,0.011678,0.01694,0.005119,16.88,0.002521,0.003136,18.64,0.5534,9.32,10.47,10.36,4.73,-2.7,3.04000000000001
175,0.007202,0.022651,0.01141,5.8,0.002078,0.00393,21.19,0.457996,9.56,10.9,10.88,1.17,1.74,-3.36
176,0.005534,0.019283,0.007659,12.03,0.001279,0.00251,19.17,0.239119,10.57,9.48,9.18,-0.9,-0.59,1.20999999999999
177,0.004896,0.021498,0.012455,15.12,0.002472,0.002858,20.82,0.122933,10.5,10.51,9.06,-2.25,-3.62,-2.58
178,0.007839,0.015315,0.008702,1.42,0.001175,0.003715,18.81,0.591792,9.49,9.11,10.76,1.98,4.97,0.359999999999999
179,0.004219,0.018284,0.006007,6.54,0.002931,0.002091,19.25,0.26567,10.74,10.07,9.72,-3.65,2.08,3.52
180,0.002417,0.023261,0.008926,9.82,0.002642,0.002734,21.56,0.355099,9.88,9.29,10.23,-4.16,-1.69,1.28
181,0.010358,0.019891,0.010179,13.6,0.001938,0.003841,19.55,0.324469,10.89,10.84,9.97,3.8,0.34,-4.08
182,0.008528,0.020605,0.006388,4.71,0.001401,0.003108,20.12,0.188889,10.14,10.28,9.31,0.22,-3.8,4.52
183,0.006698,0.016297,0.01264,18.74,0.002199,0.002465,18.01,0.533495,9.14,9.85,10.51,-0.57,2.6,-2.31999999999999
184,0.006491,0.020024,0.008235,5.19,0.001542,0.00377,19.81,0.177873,9.41,10.41,10.6,-4.84,-0.05,-0.329999999999998
185,0.008784,0.016829,0.011983,11.4,0.00287,0.002663,21.8,0.521259,10.41,9.96,9.33,4.41,1.36,2.52
186,0.010721,0.023617,0.005853,0.28,0.002282,0.002396,18.37,0.367093,10.66,9.4,9.93,0.79,-2.94,-3.56999999999999
187,0.002004,0.019485,0.0146,16.27,0.001111,0.003039,20.27,0.335731,9.66,10.97,10.13,-1.21,4.09,0.769999999999996
188,0.00922,0.023887,0.01074,4.95,0.001732,0.003922,20.35,0.250731,10.62,9.98,9.21,-1.62,-0.52,0.760000000000005
189,0.011264,0.018592,0.009085,3.59,0.002009,0.002789,20.56,0.284682,9.96,10.24,10.38,1.37,3.33,-1.31999999999999
190,0.008242,0.021631,0.013106,14.98,0.00258,0.00202,19.11,0.103676,9.21,10.68,10.84,2.8,-2.38,2.27
191,0.004522,0.015311,0.006859,8.45,0.001754,0.003413,21,0.571802,10.2,9.2,9.08,-3,1.22,-4.48
192,0.006073,0.021235,0.00864,16.08,0.00226,0.003645,21.48,0.328126,10.73,9.94,9.94,4.51,-0.76,1.52
193,0.007609,0.01884,0.007084,18.11,0.001671,0.002359,20.89,0.251174,9.86,9.34,10.97,4.09,-4.35,-3.95
194,0.003335,0.017434,0.009468,12.98,0.00241,0.003985,21.43,0.542324,10.11,10.35,9.55,-0.28,-1.46,-2.12
195,0.002636,0.022232,0.00559,10.65,0.002137,0.003316,19.73,0.20198,9.28,9.01,10.01,-1.89,2.32,-3
196,0.009422,0.02395,0.007817,15.76,0.001883,0.00294,18.2,0.403042,10.53,10.05,9.46,3.73,4.43,-1.23999999999999
197,0.005853,0.017946,0.011564,2.04,0.002709,0.00361,20.19,0.309668,9.53,9.58,10.72,-3.31,-3.24,3.42
198,0.002203,0.019549,0.006843,3.03,0.001277,0.002073,18.16,0.441228,9.69,9.06,10.38,4.1,-0.82,-1.23
199,0.009283,0.016118,0.006203,14.63,0.002118,0.002612,20.32,0.463249,9.4,9.68,9.61,-4.37,-3.49,0.0400000000000063
200,0.002929,0.017525,0.008508,19.58,0.001862,0.003236,21.87,0.144718,10.66,10.64,10.91,0,-0.76,3.28
201,0.00347,0.022805,0.006428,16.63,0.001589,0.003563,19.05,0.47631,9.98,9.97,9.4,2.16,0.52,1.62
202,0.007316,0.021086,0.008889,11.65,0.00233,0.002189,18.51,0.31818,10.23,10.96,10.06,-3.47,2.79,4.78
203,0.00541,0.017091,0.010141,5.51,0.001,0.003363,20.62,0.412049,9.23,9.41,9.86,3.28,-3.94,-1.98
204,0.004778,0.02494,0.009737,2.41,0.002248,0.003023,19.38,0.512625,9.83,10.58,9.99,4.86,-2.17,4.28
205,0.007948,0.018135,0.01099,16.04,0.001419,0.002412,21.49,0.168743,10.83,9.05,10.19,-4.67,0.82,-1.45999999999999
206,0.011167,0.021346,0.007433,7.42,0.00199,0.002647,18.93,0.342898,10.08,9.62,10.54,-0.76,-4.9,2.44
207,0.004107,0.015478,0.013684,10.99,0.002664,0.003786,20.95,0.373779,9.08,10.01,9.27,0.95,3.71,-4.62
208,0.002296,0.020442,0.011371,12.72,0.00289,0.003397,18.14,0.276531,10.29,9.35,10.79,1.85,-2.54,-0.5
209,0.010469,0.016449,0.007618,8.86,0.001717,0.002036,20.24,0.432183,9.28,10.78,9.02,-1.42,3.88,2.66
210,0.006589,0.019731,0.005157,3.79,0.002459,0.003662,21.69,0.109868,10.53,9.78,10.44,2.96,1.62,0.900000000000006
211,0.006992,0.023465,0.010831,12.27,0.001802,0.002107,20.39,0.598296,10.76,10.48,10.42,2.45,-4.16,1.41
212,0.008273,0.019648,0.009583,6.15,0.002598,0.003468,18.49,0.129917,9.76,9.9,9.65,-2.1,2.85,-4.26000000000001
213,0.002513,0.016679,0.006966,1.2,0.001359,0.002842,19.94,0.413109,10.01,10.91,10.83,3.52,0.12,-2.5
214,0.004472,0.02178,0.008089,2.6,0.00107,0.002481,21.13,0.330478,9.37,9.7,9.37,4.27,-1.13,-2.70999999999999
215,0.00774,0.024437,0.005316,7.57,0.002824,0.003857,20.68,0.52407,10.62,10.74,10.16,-0.11,-3.4,-0.879999999999996
216,0.005033,0.018744,0.014063,14.02,0.001529,0.002718,18.7,0.18092,9.62,9.14,9.9,0.39,4.55,3.7
217,0.005671,0.020788,0.005737,18.37,0.00272,0.002933,21.3,0.299044,9.44,10.85,9.77,1.51,1.53,-0.0600000000000023
218,0.007103,0.01728,0.014485,4.43,0.001923,0.00351,19.32,0.392181,10.44,9.28,10.04,-1.79,-0.19,2.86
219,0.011387,0.022819,0.008354,13.36,0.00148,0.003307,20.76,0.49642,10.69,9.84,10.7,-2.87,4.26,-3.23
220,0.003839,0.018999,0.012101,9.48,0.002182,0.002134,18.87,0.214306,9.69,10.29,9.5,2.59,-3.07,1.03
221,0.00315,0.023791,0.012834,6.81,0.002394,0.002557,20.06,0.562469,10.92,9.07,10.95,4.59,3.15,3.78
222,0.009584,0.018097,0.006586,10.36,0.001191,0.003883,18.07,0.156102,9.93,10.55,9.25,-4.93,-4.5,-1.56
223,0.008905,0.022385,0.010607,1.78,0.00165,0.003183,21.5,0.232494,9.17,10.11,9.53,-1.04,1.04,2.02
224,0.00636,0.015753,0.00936,15.43,0.002946,0.002259,19.61,0.45089,10.18,9.52,10.29,0.69,-2.23,-4.81
225,0.006339,0.022416,0.006182,5.48,0.002325,0.003515,21.06,0.537294,10.28,9.88,10.87,-3.88,-1.92,3.75
226,0.009604,0.023822,0.008486,0.61,0.00157,0.002139,20.51,0.320661,9.53,10.94,9.66,0.49,-4.82,0.510000000000005
227,0.003172,0.01811,0.01224,16.6,0.002772,0.003309,18.61,0.351066,10.54,9.44,10.39,-0.3,3.47,-2.66
228,0.003859,0.022849,0.012659,19.54,0.002561,0.003889,20.3,0.269474,9.83,10.17,9.91,-1.9,-2.77,-2.45
229,0.011405,0.019013,0.006407,3.26,0.001859,0.002559,18.32,0.425596,10.83,9.7,10.14,2.33,3.96,4.63
230,0.007085,0.020818,0.01012,14.68,0.001303,0.002265,21.76,0.588005,10.09,9.14,10.61,3.73,-0.5,-4.28
231,0.005651,0.017294,0.008867,8.15,0.002098,0.003185,19.87,0.118875,9.08,10.73,9.32,-3.29,1.85,1.45999999999999
232,0.005014,0.024425,0.01101,3.77,0.001149,0.003463,20.13,0.235113,9.98,9.25,9.44,-4.81,4.88,-4.78
233,0.007723,0.018711,0.009758,17.78,0.002446,0.002105,18.24,0.454223,10.98,10.87,10.74,4.38,-3.73,1.97
234,0.004492,0.015118,0.007453,12.69,0.001691,0.003729,19.7,0.151286,9.23,9.82,9.78,-1.25,-0.84,3.81
235,0.002535,0.020173,0.007639,10.95,0.00198,0.003086,21.39,0.498535,10.4,10.54,10.27,-1.59,0.45,1.06
236,0.010241,0.016647,0.011391,7.48,0.002683,0.002479,19.49,0.218141,9.4,9.08,9.53,1.4,-1.6,-3.27
237,0.008254,0.023454,0.005177,16.09,0.002219,0.002712,20.93,0.293499,9.65,9.52,9.19,2.78,2.55,2.81999999999999
238,0.006971,0.019615,0.01393,2.37,0.001423,0.003855,18.94,0.387869,10.65,10.11,10.99,-2.97,-3.87,-0.0300000000000011
239,0.006608,0.023419,0.009604,14.04,0.002829,0.002409,19.14,0.305677,10.93,9.67,10.91,-2.25,1.29,-2.03
240,0.008667,0.019756,0.010851,7.53,0.001501,0.003017,21.24,0.399314,9.93,10.21,9.17,1.97,-0.1,4.81
241,0.010448,0.020451,0.006986,18.92,0.001088,0.003783,18.68,0.487336,9.18,10.64,9.57,3.38,4.18,-3.79000000000001
242,0.002277,0.016475,0.013234,2.62,0.002261,0.002641,20.69,0.205722,10.17,9.23,10.37,-3.66,-2.83,1.56999999999999
243,0.004089,0.021355,0.011857,1.24,0.002034,0.002034,18.38,0.538353,9.44,10.38,9.82,-4.16,3.38,3.23
244,0.011146,0.015504,0.00811,17.21,0.001362,0.003391,20.49,0.131479,10.44,10,10.12,3.81,-4.57,-1.04000000000001
245,0.004796,0.01816,0.005336,12.32,0.002619,0.002767,21.95,0.473051,9.69,10.94,9.42,-0.56,-2.46,-2.87
246,0.005428,0.021058,0.014463,15.45,0.00163,0.002615,18.05,0.575647,9.37,9.04,9.29,-1.3,-4.24,0.870000000000005
247,0.007336,0.017085,0.005716,1.75,0.002958,0.003945,20.07,0.107737,10.37,10.58,10.53,1.64,3.09,-3.7
248,0.003452,0.019116,0.008333,6.84,0.001217,0.002319,21.62,0.437713,9.62,9.6,9.95,-2.73,0.2,-0.530000000000001
249,0.00291,0.024304,0.006566,9.52,0.001491,0.002989,19.31,0.33955,10.76,10.75,10.5,-4.49,-1.06,-4.65000000000001
250,0.009304,0.021961,0.009338,4.38,0.002748,0.003365,18.76,0.517426,9.01,9.81,9.05,1.14,-3.17,-1.41
251,0.00597,0.016112,0.010587,18.41,0.001918,0.002194,20.86,0.1738,10.01,10.31,10.78,-0.86,4.48,4.25
252,0.005834,0.023984,0.013508,11.98,0.002081,0.002366,18.73,0.113874,9.89,9.94,10.19,1.5,-3.54,-4.51000000000001
253,0.0094,0.017957,0.007257,5.86,0.001253,0.003192,20.63,0.583241,10.89,10.43,9.89,-1.77,4.73,2.31
254,0.01011,0.022265,0.011205,16.93,0.001837,0.003992,19.2,0.428156,10.14,11,9.36,-2.88,-0.65,-1.27
255,0.002655,0.015925,0.009951,0.87,0.002508,0.002568,21.19,0.272774,9.13,9.38,10.59,2.61,1.99,4.06999999999999
256,0.003353,0.020659,0.005137,2.93,0.002782,0.002242,20,0.377795,10.49,10.23,9.1,4.59,-1.76,0.739999999999995
257,0.00759,0.023003,0.007676,7.86,0.001043,0.003616,18.44,0.16474,9.75,9.21,10.44,-1.03,-4.02,2.56999999999999
258,0.005137,0.018851,0.011429,14.31,0.00237,0.002941,20.43,0.508848,10.75,10.66,9.64,0.67,2.68,-0.359999999999999
259,0.004505,0.021617,0.008684,18.7,0.001382,0.002656,19.57,0.408251,10.32,9.31,9.51,2.43,0.9,3.37
260,0.008222,0.01528,0.012435,4.76,0.002209,0.003768,21.56,0.314133,9.31,10.81,10.31,-2.07,-2.06,-1.20999999999999
261,0.011284,0.024586,0.005988,13.65,0.002637,0.003032,18.11,0.199224,9.57,10.37,10.96,-3.2,3.64,0.200000000000003
262,0.00399,0.018562,0.014741,9.78,0.001967,0.002394,20,0.480343,10.57,9.76,9.23,3.55,-4.95,-3.04000000000001
263,0.008474,0.019389,0.011865,14.39,0.002764,0.002424,20.09,0.524481,9.86,10.07,9.9,2.65,-2.08,3.75
264,0.010743,0.019455,0.008908,10.07,0.002911,0.003644,20.8,0.546315,10.8,9.02,9.48,-4.02,-2.62,4.99
265,0.008763,0.02001,0.012622,1.45,0.002498,0.003407,19.37,0.467036,10.05,9.58,9.76,-0.09,1.67,-3.92
266,0.006472,0.016798,0.006369,15.1,0.001172,0.002018,21.26,0.24769,9.05,10.04,10.06,0.35,-0.36,1.73999999999999
267,0.006719,0.020611,0.011964,8.49,0.002577,0.003714,20.56,0.447046,9.28,9.73,10.08,4.86,2.92,1.23
268,0.008546,0.016325,0.008217,14.92,0.00178,0.002852,18.55,0.228432,10.28,10.15,9.85,-4.66,-4.11,-3.41
269,0.002396,0.019919,0.005834,19.91,0.002021,0.003478,19.02,0.566548,9.53,9.17,10.68,0.96,-1.38,-0.170000000000002
270,0.004198,0.024786,0.009067,16.29,0.00231,0.003839,21.82,0.210486,10.86,10.44,9.13,1.86,2.4,-4.95
271,0.011028,0.018312,0.010314,0.24,0.001106,0.002728,19.81,0.492338,9.85,9.93,10.92,-1.43,-1.2,2.11
272,0.007857,0.021504,0.00684,11.36,0.001553,0.002463,20.36,0.396014,9.11,9.49,10.33,-2.52,4.66,-1.79000000000001
273,0.004917,0.015343,0.013088,5.22,0.002851,0.003102,18.25,0.303117,10.1,10.88,9.6,2.94,-3.31,3.95
274,0.005554,0.022626,0.007103,2.08,0.001901,0.003262,21.75,0.184912,10.95,9.11,9.72,3.92,-0.29,-2.27
275,0.00722,0.019275,0.01335,15.71,0.002698,0.002186,19.64,0.527798,9.96,10.52,10.46,-4.34,1.44,4.49
276,0.01166,0.02122,0.009485,7.13,0.002142,0.002888,20.19,0.358598,9.21,10.08,10.8,-0.46,-3.03,-4.11
277,0.003566,0.016931,0.010733,10.7,0.001438,0.003562,18.18,0.326737,10.21,9.54,9,0.04,4.33,1.31999999999999
278,0.003033,0.022114,0.014356,13.01,0.001227,0.003138,20.99,0.417079,9.41,10.82,10.55,2.18,-4.41,3.56999999999999
279,0.009702,0.01595,0.005609,9.15,0.002431,0.002312,18.88,0.260477,10.41,9.31,9.25,-2.38,3.26,-0.769999999999996
280,0.009178,0.024145,0.011583,18.08,0.002972,0.002512,21.45,0.12593,10.66,9.87,9.98,-3.44,-2.3,0.329999999999998
281,0.006086,0.017669,0.007835,4.12,0.001674,0.003936,19.44,0.594564,9.66,10.25,10.21,3.24,0.99,-2.53
282,0.006157,0.023053,0.011281,15.83,0.001276,0.003076,19.89,0.561614,9.16,9.77,9.81,-2.81,-3.12,-0.640000000000001
283,0.009078,0.018765,0.007533,1.97,0.002074,0.002497,22,0.155003,10.15,10.35,10.01,3,4.24,3.45999999999999
284,0.002958,0.017359,0.005307,6.94,0.001813,0.003872,20.44,0.450036,9.9,9.33,9.46,-1.37,1.5,0.450000000000003
285,0.003676,0.022307,0.009789,9.28,0.001602,0.003453,18.63,0.29819,10.73,10.06,10.98,-0.78,-2.2,4.42
286,0.007286,0.024025,0.007407,4.32,0.002348,0.002827,19.19,0.495322,9.48,9.01,9.56,4.84,-4.47,1.33
287,0.005439,0.017862,0.013654,17.89,0.001049,0.003747,21.2,0.213451,10.48,10.62,10.26,-4.41,3.2,-4.17
288,0.004827,0.020106,0.006536,14.73,0.002202,0.003899,18.8,0.331576,10.58,9.39,10.39,-3.74,0.09,2.09999999999999
289,0.007899,0.016758,0.012784,8.69,0.001405,0.002542,20.81,0.363435,9.58,10.98,9.69,3.3,-1.32,-4.89
290,0.006169,0.015855,0.012088,4.03,0.002659,0.003348,21.96,0.298511,10.21,10.45,10.04,-4.05,2.7,4.68000000000001
291,0.004293,0.019414,0.01001,3.66,0.002646,0.003168,21.37,0.182019,10.33,9.96,10.86,-2.32,-4.21,-1.8
292,0.002345,0.024671,0.014884,0.05,0.002935,0.003525,19.56,0.599394,9.03,10.68,9.34,-0.48,4.6,-3.31
293,0.01042,0.01851,0.006136,16.49,0.001731,0.002917,21.58,0.130772,10.04,9.19,10.6,0.29,-3.37,1.11
294,0.008461,0.021702,0.012266,5.1,0.001178,0.002149,18,0.257578,10.78,9.63,10.14,3.9,2.49,-0.299999999999997
295,0.006775,0.015229,0.008519,11.48,0.002476,0.003291,20.11,0.414208,9.79,10.25,9.94,-4.09,-1.11,3.09999999999999
296,0.006396,0.021424,0.012943,4.95,0.001757,0.002971,21.81,0.277629,9.51,9.56,9.96,-1.17,3.74,4.86
297,0.008868,0.0154,0.00669,18.5,0.002585,0.003578,19.83,0.433038,10.51,10.07,10.22,0.89,-4.85,-2.05
298,0.010642,0.024705,0.010481,9.89,0.002012,0.003347,20.25,0.580322,10.26,10.5,10.5,4.45,0.84,1.84999999999999
299,0.002094,0.018369,0.00923,13.53,0.001342,0.002204,18.36,0.110967,9.26,9.12,9.3,-4.73,-2.12,-4.04000000000001
300,0.003875,0.023176,0.005665,10.26,0.001114,0.002597,20.55,0.513724,10.12,10.27,10.75,-3.05,1.57,-1.14
301,0.008161,0.02052,0.00836,15.21,0.002873,0.003221,21.01,0.343752,9.87,9.29,9.71,1.33,3.84,-3.05
302,0.004615,0.016371,0.012112,1.33,0.001546,0.002329,19.12,0.374878,10.87,10.83,10.48,-1.67,-2.57,0.269999999999996
303,0.005232,0.024098,0.008,5.73,0.002706,0.002052,20.88,0.475456,10.19,9.19,10.35,-0.22,-0.71,-3.51000000000001
304,0.007543,0.017759,0.011753,12.09,0.001878,0.003381,18.99,0.194318,9.19,10.69,9.58,0.57,1.94,0.670000000000002
305,0.011962,0.022067,0.005461,0.66,0.001463,0.003678,21.44,0.317081,9.94,10.13,9.17,4.15,-3.44,-0.430000000000007
306,0.003262,0.01604,0.014213,17.12,0.002133,0.002757,19.45,0.411195,10.94,9.75,10.88,-3.81,4.83,2.59
307,0.002711,0.021164,0.010883,19.16,0.002407,0.002427,21.64,0.242777,9.68,10.9,9.42,-3.37,-3.97,2.20999999999999
308,0.010025,0.017013,0.009631,3.04,0.001236,0.003007,19.75,0.46215,10.67,9.48,10.63,3.65,2.74,-4.39
309,0.005783,0.019356,0.006936,8.05,0.002994,0.002631,18.19,0.143863,9.42,10.46,9.83,-1.97,0.47,-1.38
310,0.006037,0.02086,0.009037,1.72,0.001005,0.002805,20.32,0.202835,10.55,9.84,9.24,0.11,-1.41,2.34999999999999
311,0.00919,0.017199,0.010285,15.5,0.002333,0.00363,18.3,0.484453,9.55,10.29,10.94,-0.38,0.3,-4.56999999999999
312,0.009925,0.022892,0.006264,6.57,0.002765,0.003429,21.87,0.40414,9.3,10.86,10.28,-4.26,-4.3,4.34
313,0.002849,0.018918,0.012512,10.61,0.001592,0.002004,19.76,0.310522,10.3,9.27,9.52,3.99,3.04,-1.56
314,0.003557,0.023873,0.012385,13.27,0.001866,0.002678,21.07,0.470174,9.07,10.12,10.03,3.17,-3.27,-3.65000000000001
315,0.011708,0.018024,0.008637,9.57,0.002538,0.003754,19.06,0.252273,10.06,9.5,9.77,-3.52,4.38,0.849999999999994
316,0.005328,0.01568,0.00602,4.66,0.001293,0.00238,18.5,0.543178,9.82,10.56,10.69,2.1,2.27,2.76000000000001
317,0.00471,0.023539,0.01378,7.81,0.002454,0.00222,21.5,0.440693,9.24,9.46,10.57,1.04,4.12,-1
318,0.008025,0.019563,0.005032,13.78,0.001126,0.003331,19.39,0.283827,10.25,10.92,9.37,-0.69,-2.89,3.18000000000001
319,0.00417,0.016594,0.007806,18.88,0.002887,0.002955,18.93,0.570704,10,9.9,10.16,4.94,0,0.0900000000000034
320,0.004724,0.015052,0.014589,12.1,0.001603,0.002449,19.42,0.177307,10.18,10.77,9.33,2.3,-3.88,4.93000000000001
321,0.008577,0.024521,0.009906,12.36,0.001414,0.00397,21.7,0.366239,9.39,9.69,10.82,-1.51,3.28,1.70999999999999
322,0.006649,0.018671,0.011153,6.06,0.002244,0.002582,19.68,0.334632,10.38,10.19,9.11,1.78,-4.67,-3.87
323,0.00691,0.024858,0.005498,17.5,0.001525,0.003152,18.49,0.354,10.16,9.62,9.03,3.48,2.05,-3.13
324,0.010126,0.021263,0.00796,12.65,0.002268,0.002526,19.95,0.188034,9.91,10.57,10.45,-2.15,4.94,-0.129999999999995
325,0.0026,0.015549,0.011712,8.93,0.001066,0.003915,21.93,0.532397,10.91,9.06,9.74,2.35,-3.67,2.97
326,0.010668,0.016396,0.011013,10.59,0.001926,0.003072,18.34,0.342365,9.32,9.19,9.27,3.22,-1.22,-2.84999999999999
327,0.010843,0.016531,0.007129,11.22,0.002057,0.002164,21.14,0.590938,10.71,9.8,10,-0.01,-3.77,-4.75
328,0.007647,0.02334,0.010687,2.33,0.002594,0.002902,18.69,0.420705,10.46,9.35,9.28,-3.94,0.39,3.84
329,0.005119,0.019813,0.009435,16.13,0.001799,0.00354,20.68,0.264571,9.46,10.77,10.55,4.37,-1.66,-1.67
330,0.005732,0.021905,0.010444,11.72,0.00295,0.003825,19.32,0.148384,9.61,9.25,10.67,2.52,-4.76,4.59
331,0.007034,0.016193,0.009191,5.44,0.001653,0.002749,21.31,0.554499,10.6,10.63,9.41,-2.95,3.53,-2.39
332,0.003774,0.0176,0.006731,0.33,0.002397,0.003124,20.75,0.239974,9.36,9.68,10.07,1.42,0.64,-4.31
333,0.003213,0.02273,0.008166,3.3,0.002186,0.0037,18.07,0.384946,10.03,10.96,9.62,0.76,-0.56,-0.819999999999993
334,0.009513,0.019206,0.011919,19.49,0.001483,0.002874,20.05,0.290595,9.03,9.42,10.32,-0.96,1.79,3.59999999999999
335,0.008981,0.021011,0.005862,8.42,0.001927,0.002076,19.62,0.223008,9.77,9.98,10.92,-4.87,-2.67,-2.81
336,0.006292,0.017174,0.014614,14.41,0.002723,0.0035,21.51,0.503406,10.78,10.39,9.15,4.67,4.05,0.590000000000003
337,0.006225,0.024554,0.008436,8.81,0.001826,0.002577,18.84,0.552527,10.46,10.87,9.39,2.91,2.52,-4.22
338,0.00901,0.01855,0.012183,12.74,0.002531,0.003997,20.79,0.146389,9.47,9.26,10.69,-2.55,-3.87,1.44
339,0.009563,0.021585,0.005662,3.85,0.002068,0.003203,19.35,0.241961,9.71,9.83,10.09,-1.47,0.41,-2.45999999999999
340,0.003202,0.015268,0.01441,17.73,0.00127,0.002373,21.27,0.461075,10.72,10.3,9.85,1.83,-1.6,4.68000000000001
341,0.003743,0.020066,0.010532,15.98,0.001059,0.002952,19.59,0.315944,9.92,9.09,10.34,1,2.15,0.519999999999996
342,0.01153,0.016874,0.009285,2.44,0.002357,0.003622,21.54,0.410317,10.92,10.53,9.6,-0.73,-0.8,-2.72
343,0.007043,0.02366,0.012916,11.05,0.002804,0.003326,18.1,0.478042,10.17,10.1,9.14,-4.63,4.88,3.68000000000001
344,0.005684,0.019531,0.006668,7.41,0.0016,0.002246,20.02,0.197652,9.16,9.52,10.93,4.89,-3.69,-0.879999999999996
345,0.005052,0.022189,0.013141,0.53,0.002652,0.002399,19.98,0.345057,9.77,10.49,10.81,3.21,-0.51,2.88
346,0.007675,0.015869,0.006894,16.65,0.001948,0.003041,21.9,0.375465,10.77,9.89,9.01,-3.48,1.82,-0.0600000000000023
347,0.010893,0.023908,0.010915,5.58,0.001391,0.003775,18.46,0.510939,10.02,9.45,9.73,-2.41,-2.78,1.04000000000001
348,0.004381,0.017901,0.009667,11.64,0.002189,0.002667,20.41,0.166584,9.02,10.93,10.46,2.15,3.94,-3.22
349,0.00257,0.023015,0.0054,14.58,0.002478,0.002025,18.73,0.577247,10.35,9.71,9.98,0.07,-4.79,-1.59999999999999
350,0.008372,0.020671,0.008017,19.65,0.001722,0.003649,19.21,0.278278,9.6,10.72,10.56,-4.3,-1.9,-4.84
351,0.006862,0.017476,0.011765,3.19,0.002925,0.002792,21.16,0.434403,10.6,9.15,9.26,3.95,0.75,2
352,0.006641,0.021202,0.00736,10.41,0.001332,0.003471,20.98,0.25841,10.82,10.59,9.35,0.64,-3.15,0
353,0.010573,0.022609,0.009821,15.36,0.002587,0.002848,21.46,0.596136,9.08,9.6,10.17,-4.98,-1.05,3.25
354,0.002161,0.019239,0.011074,1.8,0.001759,0.003705,19.41,0.128231,10.07,10.03,9.88,4.56,2.24,-1.09
355,0.00412,0.024216,0.013993,4.48,0.001533,0.003097,21.73,0.522323,9.31,9.36,10.42,2.64,-1.54,-3.8
356,0.006388,0.01999,0.013708,15.51,0.002187,0.002696,19.85,0.512183,10.57,10.25,10.19,-2.41,-3.33,-1.09
357,0.008092,0.022184,0.011298,9.42,0.002292,0.002721,20.21,0.332698,10.56,10.32,9.1,-1.74,-4.27,-1.95999999999999
358,0.004682,0.016002,0.007545,13.37,0.00112,0.003829,18.16,0.364327,9.56,9.8,10.83,1.54,3.08,4.79000000000001
359,0.00532,0.023216,0.012342,19.01,0.002131,0.003551,21.84,0.498091,9.38,10.22,10.96,0.32,1.15,-1.47
360,0.007455,0.019848,0.00859,2.57,0.001461,0.002881,19.79,0.21648,10.38,9.66,9.22,-0.12,-2.46,4.27
361,0.003488,0.016254,0.006128,7.58,0.002716,0.003257,18.27,0.39051,9.63,10.65,10.3,4.26,-4.57,2.44
362,0.002799,0.021541,0.008814,6.2,0.002988,0.003927,20.59,0.230762,10.98,9.99,9.75,3.58,4.18,2.69
363,0.009936,0.01536,0.010066,12.25,0.001662,0.002508,18.54,0.448655,9.99,10.38,10.05,-3.16,-2.87,-0.480000000000004
364,0.007517,0.021149,0.012242,7.8,0.002058,0.003169,20.91,0.462685,10.13,9.01,10.31,1.83,-2.32,-4.63
365,0.006008,0.018329,0.012762,17.28,0.00242,0.003132,19.02,0.157834,10.24,9.42,9.48,2.46,-0.13,-3.72
366,0.005792,0.021747,0.01064,13.74,0.001578,0.003304,21.4,0.223657,9.86,10.8,9.57,-0.6,1.69,2.52
367,0.009433,0.015115,0.009393,9.72,0.002752,0.00213,19.48,0.504772,10.86,9.32,10.37,0.17,-0.34,-0.340000000000003
368,0.002781,0.018709,0.007166,4.81,0.001011,0.003504,18.96,0.28775,9.11,10.36,9.16,-4.21,-2.61,-3.58
369,0.003312,0.023501,0.007899,1.56,0.001284,0.003178,20.14,0.45631,10.25,9.03,10.64,-3.62,3.63,-1.29000000000001
370,0.007476,0.02022,0.005515,6.41,0.00254,0.002554,21.67,0.149688,9.5,10.04,9.82,2.01,0.89,-4.45999999999999
371,0.00526,0.016713,0.014263,10.13,0.001868,0.003881,19.72,0.555086,10.5,9.59,10.11,-2.2,-2.08,2.3
372,0.004623,0.023756,0.005937,17.02,0.002881,0.003721,20.28,0.423291,10.44,10.42,10.24,-0.91,-4.02,-3.98
373,0.011319,0.02235,0.008163,11.89,0.001139,0.002095,21.78,0.120698,9.68,9.38,9.28,4.72,-1.76,-2.14
374,0.003945,0.01572,0.011911,5.91,0.002468,0.003456,19.86,0.590061,10.68,10.99,10.52,-4.53,0.6,4.92
375,0.002144,0.020821,0.013034,7.96,0.002242,0.003844,21.04,0.187217,9.95,9.65,9.03,-2.69,-0.68,0.180000000000007
376,0.010632,0.017316,0.006787,14.25,0.001412,0.002705,19.09,0.531321,10.95,10.22,10.77,3.12,1.99,-2.98
377,0.008801,0.022852,0.010417,2.82,0.001997,0.00247,20.52,0.357273,10.2,10.66,10.49,1.69,-3.57,3.42
378,0.006424,0.019035,0.009169,19.35,0.002669,0.003081,18.6,0.32614,9.2,9.22,9.7,-1.25,4.72,-1.22
379,0.002739,0.017736,0.010122,0.96,0.001524,0.002155,19.71,0.476721,10.75,9.33,10.66,-4.61,4.35,-3.70999999999999
380,0.008433,0.019089,0.006091,10.74,0.002277,0.00379,21.34,0.337463,10.47,9.1,10.4,3.69,0.96,3.93000000000001
381,0.002356,0.017058,0.008629,15.65,0.001523,0.002414,20.85,0.519023,9.73,10.09,9.07,-1.94,3.22,2.18000000000001
382,0.004324,0.022022,0.006316,17.97,0.001812,0.002776,18.03,0.101501,10.9,9.3,10.62,-0.26,-2.99,3.02
383,0.00789,0.024365,0.00901,13.12,0.002051,0.003402,19.53,0.443462,9.15,10.26,9.92,4.12,-0.25,1.18000000000001
384,0.004874,0.01756,0.010263,9.08,0.001349,0.002041,21.61,0.286856,10.14,9.86,10.15,-3.84,1.45,-3.40000000000001
385,0.005506,0.020409,0.009859,3.45,0.002399,0.002326,18.39,0.137452,10.79,10.15,10.03,-3.01,4.63,0.390000000000001
386,0.007258,0.016414,0.011111,19.96,0.001197,0.00325,20.47,0.54407,9.8,9.72,9.79,2.74,-3.33,-2.54000000000001
387,0.005469,0.020725,0.012821,2.34,0.002886,0.003959,19.15,0.451423,9.41,9.18,9.52,-3.15,-3.56,0.530000000000001
388,0.003686,0.019695,0.013573,14.88,0.00294,0.002624,21.97,0.248954,10.04,10.71,10.74,-1.64,-1.22,-0.709999999999994
389,0.002988,0.024975,0.011492,11.25,0.002729,0.002199,19.15,0.400883,9.34,9.93,9.2,-1.2,0.05,-4.08
390,0.009737,0.018167,0.00774,5.29,0.001933,0.003373,21.23,0.307982,10.34,10.45,11,0.86,-1.35,1.26000000000001
391,0.006205,0.015511,0.005044,0.18,0.002173,0.002999,20.71,0.485514,9.59,9.48,9.55,-4.77,-4.09,4.5
392,0.006115,0.020289,0.014121,19.7,0.002774,0.002015,20.22,0.514168,9.1,10.98,10.44,4.33,2.43,1.39
393,0.009111,0.016607,0.005368,3.73,0.001572,0.003435,18.14,0.171259,10.09,9.4,9.74,-3.98,-1.16,-4.2
394,0.009691,0.023571,0.011816,14.84,0.001019,0.00364,21.72,0.340382,10.85,9.97,9.02,-0.04,4.54,4.40000000000001
395,0.003083,0.019576,0.008064,8.62,0.002315,0.002809,19.67,0.372236,9.85,10.41,10.78,0.4,-3.43,-2.2
396,0.003635,0.024465,0.006999,5.02,0.002104,0.002389,21.48,0.28198,10.52,9.2,9.27,2.39,2.88,-2.62
397,0.007173,0.021809,0.009538,0.15,0.001845,0.003765,20.96,0.573045,9.27,10.24,10.2,-3.24,0.15,-0.700000000000003
398,0.005562,0.015001,0.01079,16.44,0.002547,0.002685,18.91,0.104419,10.27,9.64,9.99,3.51,-1.26,3.48
399,0.004945,0.022967,0.009332,10.79,0.001701,0.002962,21.09,0.253842,10.67,10.35,9.87,4.64,-4.52,-0.239999999999995
400,0.00779,0.018975,0.010584,7.01,0.002903,0.003605,19.04,0.472479,9.67,9.78,10.07,-4.91,3.13,3.08
401,0.011017,0.020936,0.006637,15.93,0.002444,0.003336,20.6,0.541123,9.42,9.34,10.66,-0.99,-2.25,-3.31999999999999
402,0.004248,0.017255,0.012889,1.9,0.001148,0.002229,18.52,0.134508,10.42,10.79,9.39,0.72,1.02,1.17
403,0.002466,0.022454,0.012059,4.24,0.001437,0.002587,20.33,0.490426,9.21,9.57,10.91,1.46,-0.16,4.03
404,0.010309,0.015648,0.008306,17.94,0.002233,0.003979,18.28,0.208552,10.22,10.05,9.14,-1.81,1.55,-1.86
405,0.006727,0.017992,0.005768,12.85,0.001974,0.002355,19.78,0.397933,9.97,9.01,10.32,2.56,4.28,-4.86
406,0.004162,0.024496,0.008219,0.68,0.00105,0.002742,20.97,0.336295,10.93,10.33,9.93,3.68,0.43,-3.98
407,0.008754,0.017636,0.008865,17.05,0.001082,0.002517,20.03,0.386793,10.74,9.18,9.53,-2.49,0.54,0.290000000000006
408,0.002053,0.01623,0.006483,12.16,0.002843,0.003142,21.53,0.220667,9.49,10.14,10.95,3.13,2.81,3.3
409,0.004001,0.02094,0.008465,14.2,0.002617,0.003534,19.34,0.560014,10.13,9.47,9.49,4.03,-3.51,1.83
410,0.008194,0.022659,0.006239,19.08,0.001372,0.002159,18.85,0.233976,9.88,10.46,10.05,-0.35,-0.78,4.92
411,0.004572,0.019154,0.014986,3.09,0.002044,0.003267,20.77,0.453345,10.88,9.91,9.78,0.15,1.89,-2.08
412,0.005185,0.021315,0.005214,9.99,0.001203,0.003114,19.23,0.585221,10.06,10.08,9.9,1.74,3.9,4.14
413,0.007581,0.01562,0.013962,13.46,0.002377,0.002445,21.15,0.115862,9.06,9.55,10.17,-1.54,-2.51,-1.36
414,0.011851,0.024909,0.007598,4.85,0.002964,0.002738,18.71,0.270779,9.81,9.12,10.57,-2.63,1.63,2.23
415,0.003383,0.018277,0.011344,18.57,0.001635,0.003819,20.66,0.426184,10.81,10.51,9.37,2.83,-0.4,-4.45
416,0.003908,0.015414,0.005185,9.56,0.002951,0.002822,18.6,0.276087,9.05,9.96,9.02,-4.31,-1.36,4.79000000000001
417,0.01006,0.019796,0.00747,1.28,0.002738,0.002069,20.39,0.352431,10.57,10.28,9.12,-4.55,-2.18,2.64
418,0.009372,0.020334,0.010944,10.17,0.002165,0.002865,19.97,0.534219,10.33,10.84,9.65,-0.65,3.69,-3.45
419,0.005901,0.016514,0.009697,6.37,0.001493,0.003695,21.92,0.190089,9.32,9.28,10.42,1.08,-4.91,0.650000000000006
420,0.011702,0.020884,0.007838,10.27,0.001406,0.003545,21.11,0.482913,9.01,10.19,10.01,-4.78,-4.8,-4.45
421,0.009885,0.020128,0.009138,7.7,0.001263,0.002491,18.02,0.420169,9.45,9.91,9.96,2.66,1.25,-3.63
422,0.002879,0.01676,0.01039,13.85,0.002091,0.003068,20.1,0.263307,10.45,10.47,10.23,-3.09,-2.36,0.780000000000001
423,0.003441,0.021656,0.014561,12.45,0.002364,0.003742,18.79,0.361368,9.19,9.14,9.71,-4.69,1.34,4.31999999999999
424,0.011834,0.015163,0.005807,6.01,0.001037,0.002818,20.83,0.329766,10.18,10.74,10.48,4.5,-0.08,-1.48999999999999
425,0.007364,0.024624,0.012021,17.4,0.001624,0.002116,19.27,0.183592,10.93,10.18,10.76,0.93,4.08,2.40000000000001
426,0.005361,0.018444,0.008269,1.02,0.002796,0.003442,21.35,0.527226,9.93,9.7,9.06,-1.13,-2.97,-4.58
427,0.004748,0.020776,0.01162,6.68,0.001957,0.003157,18.65,0.393412,9,10.28,9.19,-2.02,-0.95,1.66
428,0.007977,0.017405,0.007867,10.53,0.002627,0.002269,20.72,0.299798,10.01,9.84,10.89,2.21,2.34,-3.84999999999999
429,0.004059,0.018811,0.005563,15.56,0.001384,0.003894,21.21,0.49323,9.76,10.85,9.59,-3.41,4.45,-1.94
430,0.002267,0.024023,0.009497,18.23,0.001158,0.003282,19.9,0.160757,10.61,9.51,10.1,-3.76,-4.37,-2.94
431,0.010498,0.01784,0.010751,4.6,0.002484,0.002144,21.98,0.567608,9.61,10.12,9.84,4.2,2.98,0.159999999999997
432,0.008695,0.022305,0.007037,13.18,0.002917,0.002907,18.41,0.443789,9.37,10.55,9.43,0.61,-1.48,-0.939999999999998
433,0.006541,0.015809,0.013289,9.62,0.001746,0.003518,20.46,0.225892,10.36,9.07,10.64,-0.18,0.25,3.16
434,0.006943,0.022074,0.007713,16.76,0.002027,0.002213,21.65,0.463962,10.09,10.64,10.72,-4.45,-2.72,3.90000000000001
435,0.008321,0.016067,0.011461,0.4,0.001322,0.003352,19.73,0.244844,9.09,9.24,9.46,4.8,3.99,-1.68000000000001
436,0.010252,0.024105,0.005096,11.83,0.001766,0.003589,20.16,0.141562,9.84,9.67,9.8,1.17,-0.61,1.91
437,0.002484,0.017786,0.013843,5.38,0.002564,0.002978,18.21,0.547681,10.84,10.2,10,-0.83,1.73,-4.69
438,0.004422,0.022509,0.011217,8.33,0.002853,0.00234,20.9,0.200529,9.54,9.41,9.55,-1.33,-1.96,-0.0999999999999943
439,0.010803,0.019315,0.009969,14.46,0.001555,0.003228,18.98,0.480931,10.55,10.96,10.25,1.61,0.69,2.90000000000001
440,0.00777,0.021103,0.013443,3.38,0.001096,0.003964,21.42,0.405466,10.29,10.4,10.98,3.05,-4.7,-3.19
441,0.005005,0.016971,0.007196,19.45,0.0023,0.002602,19.46,0.311119,9.29,9.97,9.21,-2.77,3.58,0.989999999999995
442,0.005623,0.024747,0.012615,12.54,0.001452,0.002763,20.54,0.163604,9.65,10.02,9.09,-4.13,0.32,-2.75
443,0.007152,0.01843,0.006366,9,0.002156,0.003686,18.58,0.50797,10.64,9.61,10.85,3.85,-1.7,0.579999999999998
444,0.011415,0.021466,0.010231,17.61,0.002693,0.003388,21.03,0.380381,10.39,9.05,10.38,0.25,2.58,-0.840000000000003
445,0.003809,0.015461,0.008984,3.97,0.001895,0.002062,19.1,0.35,9.39,10.57,9.67,-0.53,-3.81,3.66
446,0.003102,0.020493,0.005966,2.24,0.001684,0.002638,21.79,0.431429,10.22,9.79,10.13,-2.28,4.98,1.53
447,0.008934,0.023149,0.00874,7.29,0.002429,0.003012,20.27,0.113058,9.97,10.78,9.33,3.35,2.09,4.54000000000001
448,0.00633,0.019957,0.012487,11.16,0.001225,0.002436,18.35,0.582165,10.98,9.35,10.6,-3.69,-0.86,-2.38
449,0.006324,0.020478,0.00807,12.92,0.001421,0.00298,18.62,0.148982,10.01,10.48,9.02,-3.36,-1.65,3.26000000000001
450,0.008952,0.016346,0.011816,9.29,0.002249,0.003587,20.51,0.555856,9,9.89,10.79,3.64,0.38,-1.08
451,0.009621,0.023134,0.005374,17.87,0.00266,0.003354,19.07,0.45555,9.76,9.46,10.45,2.26,-3.76,0.0100000000000051
452,0.003104,0.01994,0.014122,4.3,0.00199,0.002211,21.05,0.23766,10.75,10.91,9.75,-1.98,2.64,-2.84
453,0.003803,0.024731,0.010811,1.99,0.001716,0.002604,19.86,0.381659,9.61,9.69,10.2,-0.23,-3.66,-1.95
454,0.011434,0.018411,0.009564,15.84,0.002887,0.003962,21.75,0.288021,10.62,10.18,10,0.58,4.93,4.8
455,0.007139,0.02145,0.013272,6.92,0.002459,0.00323,18.33,0.223376,10.36,10.75,9.28,4.14,-0.92,-3.79000000000001
456,0.005625,0.015442,0.007024,10.88,0.001133,0.002338,20.31,0.50499,9.36,9.13,10.54,-3.8,2.04,1.63
457,0.004992,0.022525,0.012853,16.51,0.00212,0.00206,19.69,0.357551,9.7,10.85,10.67,-3.06,4.04,-4.65000000000001
458,0.007772,0.019333,0.006606,0.08,0.001292,0.00339,21.67,0.325925,10.7,9.27,9.4,2.71,-2.66,2.43000000000001
459,0.010796,0.021119,0.010549,11.46,0.001861,0.003684,18.25,0.187427,10.45,9.83,9.87,1.32,1.78,-1.48
460,0.00444,0.016989,0.009301,5.09,0.002532,0.002764,20.14,0.531052,9.45,10.29,10.08,-1.67,-0.55,4.26000000000001
461,0.002471,0.022091,0.005756,8.71,0.002759,0.002434,18.95,0.121455,10.18,9.06,9.62,-1.16,0.63,0.930000000000007
462,0.008315,0.024122,0.008295,3.64,0.001004,0.00381,19.49,0.423995,9.93,10.12,10.91,4.46,3.52,2.68000000000001
463,0.006961,0.017805,0.012043,19.78,0.00233,0.00264,21.38,0.267139,10.94,9.5,9.15,-4.74,-4.75,-0.489999999999995
464,0.006543,0.023999,0.006447,6.3,0.001925,0.00307,20.7,0.443252,10.64,10.19,9.24,-0.47,2.28,-2.47
465,0.008682,0.017819,0.012699,10.24,0.002722,0.002489,18.68,0.287129,9.64,9.68,10.94,0.28,-1.01,4.67
466,0.010515,0.022281,0.00883,1.35,0.002181,0.002694,21.24,0.101223,9.39,9.24,10.29,3.91,4.39,-4.23
467,0.002259,0.015788,0.010082,15.23,0.001477,0.003863,19.13,0.570352,10.4,10.63,9.52,-4.1,-3.28,1.43000000000001
468,0.004061,0.020753,0.014974,18.48,0.001188,0.003444,21.94,0.175432,9.23,9.98,10.04,-3.75,3.05,3.67
469,0.011203,0.017385,0.006223,4.93,0.002392,0.002114,19.92,0.51979,10.22,10.4,9.77,3.31,-4.31,-0.890000000000001
470,0.007994,0.023096,0.012202,13.55,0.002949,0.00282,20.5,0.368567,10.97,10.95,9.49,1.88,0.31,0.510000000000005
471,0.004741,0.018791,0.008449,9.9,0.001651,0.00374,18.39,0.338161,9.97,9.42,10.69,-2.31,-1.42,-2.73
472,0.005378,0.021679,0.01135,3.02,0.002601,0.003893,21.61,0.204425,9.09,10.57,10.57,-0.79,-4.68,1.05
473,0.007357,0.015184,0.007598,19.14,0.001803,0.002535,19.5,0.484818,10.09,9.06,9.36,1.23,3.29,-3.20999999999999
474,0.003429,0.018465,0.005215,14.13,0.00206,0.003159,18.06,0.307217,9.84,10,10.16,-4.4,1.18,-0.0499999999999972
475,0.002897,0.023744,0.009718,12.07,0.002271,0.003516,20.87,0.467848,10.54,9.36,9.65,-2.8,-0.01,-4.83
476,0.009878,0.019436,0.010969,5.72,0.001067,0.002908,18.76,0.248737,9.54,10.77,10.41,2.99,1.4,2.01000000000001
477,0.009315,0.020151,0.00749,17.14,0.001529,0.002142,21.32,0.137659,9.3,10.33,10.81,1.57,-2.9,-1.59
478,0.00591,0.01678,0.013743,0.69,0.002828,0.003285,19.3,0.5438,10.29,9.79,9.11,-1.39,4.13,3.76000000000001
479,0.00589,0.023284,0.010352,9.55,0.001173,0.003143,21.18,0.478741,9.67,10.42,9.95,0.75,-2.57,-4.97
480,0.009375,0.01978,0.009105,13.25,0.00247,0.002282,19.19,0.19689,10.67,9.95,10.22,-0.95,3.85,2.18000000000001
481,0.002683,0.016498,0.006799,18.16,0.00173,0.003908,18.74,0.409609,9.42,10.98,9.3,4.68,1.58,3.94
482,0.003372,0.021297,0.008255,15.48,0.00194,0.003269,20.43,0.242181,10.22,9.63,10.76,2.54,-2.13,1.19
483,0.007573,0.024891,0.005794,10.62,0.002196,0.002893,21.88,0.5528,9.97,10.69,9.71,-1.84,-4.86,3.03
484,0.005201,0.018262,0.014542,6.59,0.0014,0.003532,19.99,0.146179,10.96,9.19,10.47,1.41,3.75,-0.219999999999999
485,0.004564,0.020959,0.005571,0.96,0.002348,0.003817,20.01,0.278007,10.1,10.79,10.35,0.44,0.48,3.54000000000001
486,0.011222,0.022678,0.007875,6.08,0.001609,0.002443,21.55,0.57703,9.84,9.77,9.18,-3.93,2.75,0.379999999999995
487,0.004004,0.019171,0.011623,12.38,0.002811,0.003116,19.57,0.108397,10.85,10.36,10.88,4.36,-3.98,-2.55
488,0.002045,0.024284,0.013312,13.76,0.002522,0.003693,21.26,0.510175,9.52,9,9.43,3.46,4.84,-2.34
489,0.010689,0.017652,0.007065,7.79,0.00182,0.002867,19.37,0.167289,10.52,10.62,10.63,-3.26,-3.45,4.49
490,0.008743,0.02194,0.010773,18.91,0.001279,0.002067,20.81,0.344361,10.27,10.06,10.1,-2.16,1.94,-4.09
491,0.006523,0.016245,0.009525,2.68,0.002074,0.003491,18.82,0.376224,9.27,9.57,9.83,2.36,-0.72,1.25
492,0.006744,0.022434,0.013852,11.23,0.001669,0.002811,19.01,0.332916,9.06,10.13,9.81,2.85,3.19,0.75
493,0.008491,0.015626,0.0051,7.22,0.002997,0.003637,21.12,0.364047,10.06,9.75,10.01,-2.58,-4.46,-3.59
494,0.010311,0.02384,0.011469,16.11,0.002414,0.003437,18.56,0.522594,10.81,9.18,10.73,-1.52,1.08,2.51000000000001
495,0.002454,0.01797,0.007716,2.31,0.00124,0.002013,20.57,0.178488,9.81,10.69,9.47,1.79,-2.19,-0.349999999999994
496,0.004265,0.022946,0.007219,4.05,0.001467,0.002687,18.26,0.596837,10.57,9.92,10.98,1.05,1.49,-4.47
497,0.007793,0.020914,0.009991,8.91,0.002709,0.003061,19.8,0.259179,9.32,10.89,9.56,-4.57,4.22,-1.3
498,0.004933,0.017232,0.011245,12.63,0.001879,0.002387,21.82,0.414562,10.33,9.48,10.26,4.93,-3.11,4.13
499,0.005565,0.024485,0.008946,19.52,0.002868,0.002227,18.18,0.563938,10.74,10.5,10.39,3.18,-1.09,-2.13
500,0.007161,0.018617,0.010198,3.31,0.00154,0.003338,20.2,0.158537,9.74,9.12,9.68,-3.53,2.48,4.93000000000001
501,0.011646,0.021829,0.006328,14.39,0.001112,0.003603,19.63,0.230064,9.49,9.56,9.09,-2.45,-3.36,-3.97
502,0.003628,0.015023,0.012581,8.4,0.002285,0.002964,21.74,0.449412,10.49,10.06,10.86,2.09,4.59,1.77
503,0.003086,0.020311,0.012473,5.46,0.002011,0.002353,19.43,0.296601,9.13,9.29,9.34,0.1,-4.2,3.43000000000001
504,0.009679,0.01663,0.008722,11.74,0.001339,0.003215,21.44,0.39072,10.13,10.83,10.61,-0.37,2.81,-1.20999999999999
505,0.006107,0.019599,0.005947,16.85,0.00258,0.002589,20.99,0.216758,9.88,9.85,9.93,4,0.08,-2.97
506,0.006212,0.024991,0.01438,3.28,0.002494,0.002416,20.45,0.183317,9.43,10.37,10.08,-4.48,-3.3,-1.13
507,0.009052,0.018185,0.005627,19.56,0.001165,0.003024,18.43,0.527442,10.43,9.75,9.85,4.75,4.65,3.29000000000001
508,0.004283,0.021688,0.010859,16.86,0.001294,0.003377,19.29,0.412545,9.28,10.27,9.12,-1.06,3.79,2.88
509,0.002986,0.015529,0.008401,14.67,0.00291,0.00265,19.88,0.330035,9.69,10.81,10.68,-0.87,2.39,0.280000000000001
510,0.003694,0.020426,0.006652,11.71,0.002636,0.002043,21.19,0.419411,10.95,9.59,9.13,-1.31,-1.37,4.91
511,0.002314,0.016732,0.014091,19.5,0.001006,0.0038,21.6,0.331042,10.11,9.12,10.58,-1.72,-4.97,1.98999999999999
512,0.005504,0.019714,0.010522,0.59,0.002205,0.002774,18.63,0.593946,10.2,9.02,9.6,-2.72,2.91,-4
513,0.004887,0.022007,0.009669,7.5,0.001044,0.002622,21.37,0.444498,10.86,10.99,9.72,-4.17,0.99,2.24
514,0.007888,0.016136,0.010921,10.96,0.002372,0.003952,19.26,0.225123,9.87,9.38,10.46,3.82,-2.29,-4.44
515,0.010919,0.02435,0.006895,2.35,0.002789,0.003248,20.82,0.16152,9.11,9.94,10.8,0.2,3.25,4.15000000000001
516,0.004307,0.017542,0.013148,16.07,0.001616,0.002328,18.8,0.566909,10.11,10.44,9.01,-0.55,-4.4,-1.34999999999999
517,0.002368,0.022753,0.011791,17.8,0.001843,0.002997,20.12,0.211819,9.25,9.21,10.55,-2.24,4.32,-3.44
518,0.010368,0.01907,0.008037,3.78,0.002515,0.003577,18.01,0.492956,10.25,10.67,9.26,1.96,-3.02,0.659999999999997
519,0.006825,0.017039,0.005421,8.87,0.001254,0.002202,19.55,0.299577,9.5,9.65,10.21,-3.67,-0.28,2.65000000000001
520,0.006422,0.020845,0.011075,17.19,0.002973,0.003506,18.37,0.40471,9.79,10.08,10.18,-1.58,2.69,4.41
521,0.008814,0.017337,0.009827,1.22,0.001677,0.002926,20.26,0.311816,10.79,9.55,9.89,1.39,-4.03,-2.19
522,0.00215,0.019056,0.007367,6.12,0.002436,0.003302,21.8,0.481696,9.04,10.52,10.59,-2.98,-1.77,-4.19
523,0.007932,0.024657,0.013241,11.73,0.002537,0.002751,18.77,0.129506,10.53,9.29,10.41,4.56,1.69,1.04000000000001
524,0.008095,0.022372,0.005267,2.64,0.001904,0.002257,18.57,0.463753,9.59,10.82,10.43,0.8,4.74,-2.61
525,0.004629,0.01574,0.014014,18.94,0.0027,0.003176,20.56,0.245112,10.59,9.31,9.63,-1.24,-3.55,0.409999999999997
526,0.005242,0.023477,0.006098,13.28,0.001548,0.003454,19.45,0.113271,10.48,10.71,9.51,-1.91,-0.37,-3.33
527,0.01195,0.020196,0.008559,18.43,0.002307,0.00283,18.99,0.43171,9.72,9.73,10.97,3.72,-2.63,-0.25
528,0.003325,0.016691,0.012306,4.39,0.001105,0.003722,20.88,0.27508,10.72,10.14,9.23,-3.28,3.79,3.06999999999999
529,0.002763,0.021725,0.012746,1.73,0.001316,0.00308,18.2,0.381089,9.89,9.5,10.72,-3.87,-4.96,2.03
530,0.010001,0.015095,0.006498,15.43,0.002018,0.002472,20.18,0.34923,10.9,10.88,9.48,4.06,3.65,-4.87
531,0.009431,0.024381,0.010051,6.86,0.002571,0.002704,19.74,0.164364,10.14,10.44,9.76,0.5,-2.07,4.02
532,0.005805,0.018688,0.008803,10.34,0.001775,0.003846,21.63,0.507269,9.15,9.93,10.06,-0.31,0.92,-1.87
533,0.00602,0.02156,0.00717,19.27,0.002226,0.003707,19.75,0.573313,10.77,10.31,10.9,2.17,-2.47,1.90000000000001
534,0.009944,0.024841,0.009397,14.33,0.001981,0.002081,18.31,0.282194,9.02,9.26,9.58,-3.45,-4.58,3.89
535,0.002782,0.018346,0.010649,7.88,0.002685,0.00347,20.33,0.438328,10.02,10.87,10.37,3.25,3.39,-1.69
536,0.0035,0.023234,0.014292,5.84,0.002896,0.003831,18.51,0.341147,9.35,9.52,9.83,3.92,-2.84,-3.2
537,0.011736,0.019864,0.005539,11.96,0.001692,0.002719,20.62,0.371534,10.35,10.1,10.12,-4.35,4.19,0.980000000000004
538,0.007462,0.020578,0.011674,0.89,0.001155,0.002456,19.05,0.514865,10.6,10.55,10.65,-0.45,-0.11,-0.109999999999999
539,0.005303,0.01627,0.007922,16.95,0.002453,0.003095,21.07,0.170503,9.6,9.08,9.41,0.03,1.3,2.89
540,0.009732,0.022641,0.006022,10.96,0.001502,0.002021,20.96,0.52934,9.48,11,10.52,-1.12,-3.5,4.53
541,0.008075,0.017704,0.008125,6.5,0.002097,0.002179,20.95,0.398694,10.46,9.44,10.52,-1.44,-3.18,3.67
542,0.004117,0.015985,0.005899,1.47,0.001852,0.003553,21.49,0.20926,9.71,10.5,9.95,2.93,-1.07,0.590000000000003
543,0.002169,0.021185,0.009151,4.74,0.001563,0.00313,19.67,0.540904,10.91,9.14,10.5,4.85,0.21,4.55
544,0.010557,0.01688,0.010404,18.68,0.002767,0.002303,21.69,0.13479,9.92,10.73,9.7,-4.65,-1.52,-2.37
545,0.008636,0.022592,0.006769,9.79,0.002324,0.002506,18.14,0.253569,9.17,10.17,9.04,-0.77,3.11,1.54000000000001
546,0.006638,0.019224,0.01302,13.67,0.001025,0.003929,20.25,0.472692,10.17,9.71,10.78,0.97,-4.25,-4.36
547,0.006846,0.023035,0.008597,0.27,0.002745,0.002375,21.92,0.234739,10.38,10.02,10.86,4.28,1.84,-3.62
548,0.00838,0.018905,0.012345,16.31,0.001917,0.003201,19.94,0.452641,9.38,9.61,9.07,-4.01,-0.49,0.790000000000006
549,0.010192,0.020691,0.006058,5.2,0.001486,0.003999,20.39,0.560709,9.63,9.04,9.66,-0.1,3.95,-0.609999999999999
550,0.002581,0.017499,0.014805,11.34,0.002156,0.002575,18.5,0.153862,10.63,10.58,10.4,0.36,-2.76,2.79000000000001
551,0.004364,0.02221,0.010245,14.95,0.002383,0.002248,20.69,0.502078,9.99,9.81,9.91,2.44,3.46,2.41
552,0.010901,0.015893,0.008997,8.51,0.001212,0.003325,18.7,0.22046,10.99,10.32,10.15,-2.08,-4.8,-4.56999999999999
553,0.007671,0.023929,0.012549,19.9,0.001629,0.003624,21.13,0.292899,10.24,10.75,10.61,-3.19,0.73,4.33
554,0.005063,0.017925,0.006302,3.52,0.002955,0.00295,19.24,0.386518,9.23,9.37,9.31,3.54,-1.92,-1.48
555,0.00568,0.020046,0.013577,9.17,0.001796,0.002665,20.76,0.533998,9.82,10.65,9.44,4.6,-3.86,4.73
556,0.007054,0.016851,0.007328,13.03,0.002624,0.003777,18.87,0.190369,10.83,9.23,10.74,-4.96,2.55,-1.95
557,0.003752,0.019508,0.009868,18.06,0.001365,0.002401,19.31,0.352642,9.07,10.21,9.79,0.66,0.44,-3.86
558,0.003199,0.024533,0.005073,15.72,0.001091,0.00279,21.5,0.27008,10.31,9.44,10.27,1.49,-0.83,-0.950000000000003
559,0.008993,0.021564,0.007768,10.68,0.002834,0.003416,20.06,0.584453,9.56,10.38,9.19,-2.89,-3.72,-2.95
560,0.006233,0.015244,0.011515,7.11,0.001507,0.002027,18.08,0.116571,10.56,10,10.99,2.62,4.87,0.150000000000006
561,0.006281,0.022715,0.005279,11.55,0.00292,0.003917,21.27,0.164952,10.25,9.28,10.72,4.97,3.59,-3.78
562,0.009505,0.020996,0.007505,16.43,0.001163,0.002293,20.8,0.378075,10,10.29,9.8,-0.66,0.7,-2.02
563,0.00323,0.017157,0.011258,0.12,0.002492,0.00315,18.84,0.346445,10.99,9.84,10,1.09,-1.97,4.81999999999999
564,0.003763,0.021889,0.01365,3.75,0.002219,0.003542,20.03,0.428865,9.63,10.55,9.55,1.75,1.74,0.0799999999999983
565,0.011464,0.016175,0.007398,19.71,0.001389,0.0029,18.11,0.272006,10.64,9.07,10.26,-1.55,-0.62,-2.86
566,0.007026,0.024233,0.011033,8.6,0.001958,0.002166,21.53,0.114637,10.39,9.51,10.97,-2.62,4,3.24
567,0.005748,0.017581,0.009781,14.82,0.00263,0.003274,19.58,0.582541,9.39,10.11,9.21,2.82,-2.73,-1.03
568,0.005111,0.020386,0.010028,17.96,0.001618,0.003121,20.42,0.466278,9.55,9.9,9.08,4.04,-0.87,2.7
569,0.007663,0.016549,0.008776,4.26,0.002791,0.002451,18.47,0.248384,10.55,10.47,10.85,-4.23,2.1,-0.540000000000006
570,0.004395,0.019831,0.006549,9.35,0.001034,0.003827,19.97,0.547079,9.3,9.47,9.68,0.14,4.99,-3.7
571,0.002592,0.024874,0.008552,7.03,0.00126,0.003498,21.16,0.198949,10.07,10.18,10.13,2.06,-3.82,-1.42
572,0.008352,0.02128,0.006169,1.88,0.002501,0.002872,20.66,0.408044,9.81,9.13,9.33,-3.57,-1.71,-4.66
573,0.006913,0.015568,0.014921,15.92,0.001829,0.003702,18.73,0.314403,10.82,10.74,10.59,3.14,0.33,2.48
574,0.006666,0.021841,0.009248,7.98,0.002422,0.002006,19.41,0.396721,10.61,9.05,10.51,1.45,-2.96,0.5
575,0.008569,0.015055,0.010495,14.18,0.00122,0.003427,21.46,0.302347,9.61,10.58,9.31,-1.8,4.07,-2.67
576,0.010546,0.024498,0.006708,3.11,0.001683,0.003632,18.9,0.211247,9.35,10.01,9.97,-2.93,-0.07,3.74
577,0.002219,0.018649,0.012956,19.09,0.002979,0.002803,20.98,0.491636,10.36,9.61,10.23,2.57,1.33,-0.920000000000002
578,0.004187,0.023517,0.012145,17.03,0.00269,0.002382,18.17,0.160138,9.03,10.77,9.72,4.65,-2.35,-4.29000000000001
579,0.011087,0.019543,0.008398,0.75,0.001894,0.003052,20.22,0.566275,10.02,9.35,10.48,-4.92,1.24,1.45
580,0.004698,0.016574,0.005702,5.65,0.002149,0.002676,21.72,0.228213,9.78,10.34,9.06,0.71,3.35,4.62
581,0.008149,0.018383,0.007646,4.67,0.001194,0.003446,19.09,0.578932,10.8,10.98,10.44,0.06,-4.09,1.63
582,0.007395,0.018045,0.005438,15.28,0.002301,0.003596,20.36,0.594778,10.16,10.2,10.89,-2.13,-1.47,3.81999999999999
583,0.00355,0.015701,0.007976,10.19,0.001562,0.002222,21.83,0.260744,9.91,9.24,9.59,3.5,-4.36,1.98
584,0.002852,0.020883,0.006932,13.44,0.001773,0.00258,19.02,0.357843,10.71,10.4,10.11,4.32,4.44,2.83
585,0.009206,0.022914,0.009627,18.59,0.002028,0.003204,18.55,0.184209,9.46,9.41,9.43,-0.05,2.33,1.06999999999999
586,0.006029,0.018938,0.010875,4.87,0.001326,0.002346,20.59,0.528563,10.45,10.96,10.63,0.41,-0.94,-3.26000000000001
587,0.005777,0.021146,0.012527,5.99,0.002675,0.002206,18.96,0.587786,9.58,9.34,10.29,-2.27,1.88,3
588,0.009499,0.016996,0.006275,12.43,0.001971,0.003345,20.92,0.119157,10.58,10.78,9.52,1.92,-0.77,-0.159999999999997
589,0.009899,0.015696,0.007105,13.52,0.001179,0.003153,19.79,0.135673,10.37,9.42,9.55,-3.02,3.94,-0.340000000000003
590,0.002713,0.01934,0.009048,17.42,0.002228,0.002969,21.39,0.425809,9.33,9.77,10.95,-3.7,-3.5,-3.40000000000001
591,0.003256,0.02408,0.006051,18.79,0.002439,0.002331,19.71,0.31996,10.04,10.61,9.5,-4.14,2.8,-1.78
592,0.00753,0.022049,0.008667,13.86,0.001698,0.003957,18.23,0.536524,9.79,9.58,10.04,0.24,0.53,-4.94
593,0.005234,0.016025,0.01242,7.72,0.002901,0.002595,20.15,0.193642,10.78,10.05,9.78,-0.52,-1.81,2.12
594,0.004602,0.023195,0.00778,4.59,0.00185,0.002755,19.85,0.294265,10.15,9.96,9.9,-1.34,-4.9,-4.12
595,0.008162,0.019981,0.011532,18.21,0.002555,0.00368,21.77,0.387166,9.15,10.41,10.17,1.62,3.67,1.31
596,0.011343,0.02054,0.005006,9.64,0.002107,0.003379,18.34,0.499232,9.9,10.97,10.58,3.04,-2.17,-2.28
597,0.003893,0.016388,0.013759,13.2,0.001309,0.002054,20.29,0.217385,10.91,9.4,9.37,-2.76,0.79,4.48
598,0.002081,0.021442,0.011151,10.52,0.00102,0.002629,18.6,0.557695,9.73,10.24,10.82,-4.44,-0.4,0.319999999999993
599,0.010644,0.015416,0.009899,6.66,0.002318,0.003803,20.53,0.151078,10.73,9.64,9.12,4.79,1.62,-2.54000000000001
600,0.006414,0.018384,0.007282,1.63,0.001577,0.002429,21.04,0.453945,9.48,10.68,10.42,-0.84,3.89,-0.780000000000001
601,0.004586,0.02472,0.011394,18.13,0.002398,0.00212,21.04,0.11031,9.8,9.39,9.74,-0.41,2.94,-3.8
602,0.008448,0.018487,0.007939,8.35,0.0015,0.0027,18.78,0.473814,10.19,10.51,9.74,4.19,0.16,4.06
603,0.002338,0.015206,0.005477,3.36,0.002739,0.003074,19.29,0.132188,9.94,9.55,10.79,-0.19,2.89,2.3
604,0.004295,0.020085,0.009433,0.42,0.002965,0.003749,21.6,0.487116,10.67,10.84,9.27,-2.03,-3.44,2.56
605,0.010969,0.016734,0.01068,16.78,0.001638,0.002825,19.52,0.206002,9.68,9.29,10.54,2.22,4.55,-0.370000000000005
606,0.007916,0.023678,0.007128,5.35,0.00121,0.002125,20.09,0.305402,9.42,9.85,10.19,3.59,-1.17,0.730000000000004
607,0.004819,0.01939,0.013376,11.81,0.002382,0.003451,18.04,0.399525,10.43,10.28,9.99,-3.4,2.44,-3.53
608,0.005456,0.022327,0.006746,16.19,0.001371,0.003166,21.96,0.517695,10.51,9.74,9.86,-4.7,4.29,0.209999999999994
609,0.007279,0.015854,0.012993,2.26,0.002041,0.002277,19.91,0.173593,9.51,10.13,10.06,4.51,-3.06,-3.03
610,0.011601,0.024046,0.009207,11.15,0.00261,0.00254,20.48,0.339766,9.26,10.7,10.66,0.92,1.56,3.38
611,0.003663,0.017885,0.010455,7.27,0.001782,0.003901,18.4,0.370901,10.26,9.17,9.4,-1.11,-0.17,-1.2
612,0.002975,0.023074,0.014644,9.02,0.001509,0.003289,20.71,0.281622,9.12,10.47,10.91,-1.71,1.03,-3.91
613,0.0098,0.018789,0.005897,12.56,0.002836,0.002151,18.67,0.437008,10.12,9.91,9.14,1.27,-2.26,1.75
614,0.00908,0.020731,0.011949,3.95,0.002253,0.002915,21.22,0.576341,10.87,9.47,9.61,2.67,3.14,-2.15000000000001
615,0.006145,0.017383,0.008201,17.59,0.001081,0.003527,19.15,0.10698,9.87,10.9,10.31,-3.1,-4.52,5
616,0.006098,0.022129,0.012253,2.46,0.001996,0.00348,19.66,0.137087,9.32,9.39,9.67,3.58,1.46,1.84
617,0.009176,0.015968,0.008505,16,0.002666,0.002088,21.71,0.54248,10.32,10.99,10.4,-3.15,-0.27,-4.05
618,0.003016,0.017687,0.006201,11.03,0.001408,0.003712,20.23,0.251507,9.57,9.95,9.08,2.47,-3,-2.06
619,0.003578,0.022643,0.008905,12.76,0.001135,0.003104,18.92,0.404418,10.8,10.66,10.62,0.33,3.23,-3.06
620,0.011657,0.019294,0.010154,8.83,0.002461,0.002461,20.96,0.310307,9.8,9.21,9.32,-0.13,-4.43,0.260000000000005
621,0.007228,0.021236,0.006445,17.71,0.002878,0.00273,19.4,0.203044,9.05,9.66,9.92,-4.05,0.97,-1.15000000000001
622,0.005537,0.01695,0.012692,3.84,0.001706,0.003837,21.47,0.484185,10.05,10.22,10.15,4.25,-2.32,3.34
623,0.004924,0.02477,0.00743,8.24,0.002545,0.00356,18.53,0.366026,10.88,9.76,10.02,2.65,-4.1,-0.420000000000002
624,0.007841,0.018295,0.013678,14.6,0.001875,0.00289,20.6,0.334904,9.89,10.37,9.79,-2.85,2.95,2.59999999999999
625,0.01104,0.021489,0.009735,3.17,0.001286,0.002184,19.04,0.176493,9.14,10.8,9.45,-1.73,-1.36,-3.5
626,0.004195,0.015326,0.010982,19.62,0.002114,0.003264,21.08,0.520622,10.14,9.32,10.75,1.53,0.06,0.680000000000007
627,0.002404,0.020595,0.013922,16.67,0.00234,0.003935,19.77,0.102115,9.5,10.03,9.2,0.63,-1.23,4.22
628,0.010322,0.016306,0.005174,0.54,0.001013,0.002514,21.85,0.571473,10.5,9.59,11,-1.06,2.38,-1.37
629,0.008558,0.023251,0.011382,11.62,0.001585,0.00231,18.29,0.439933,10.75,9.03,10.28,-4.99,-3.34,2.22
630,0.006716,0.0199,0.007635,5.55,0.002757,0.00314,20.34,0.284527,9.74,10.6,9.54,4.57,4.65,-4.38
631,0.006455,0.023628,0.013212,18.32,0.001475,0.00257,21.52,0.420981,9.96,9.16,9.56,0.06,-2.07,-2.62
632,0.008771,0.019476,0.006958,4.47,0.002179,0.00399,19.6,0.264355,10.96,10.72,10.36,-0.42,0.88,0.459999999999994
633,0.010739,0.020034,0.010828,13.39,0.002732,0.003194,20.04,0.122042,10.21,10.15,10.9,-4.32,-4.96,-0.629999999999996
634,0.002034,0.01682,0.009576,9.44,0.001934,0.002364,18.09,0.590667,9.2,9.73,9.16,3.96,3.62,3.47
635,0.003974,0.02164,0.005328,6.77,0.001645,0.002943,20.78,0.188793,10.41,10.89,10.64,3.22,-2.6,1.34
636,0.008218,0.024609,0.008102,1.82,0.002405,0.003319,21.29,0.354705,9.66,9.92,9.81,-2.4,-0.34,4.43000000000001
637,0.004516,0.018582,0.011854,15.38,0.001202,0.00224,19.33,0.32285,10.66,10.45,10.11,2.14,1.68,-2.25
638,0.005134,0.020635,0.008346,12.23,0.002051,0.002392,20.67,0.2223,10.28,9.54,10.23,1.01,4.72,4.01000000000001
639,0.007601,0.017423,0.012099,6.18,0.001346,0.003034,18.71,0.504173,9.27,10.09,9.94,-0.74,-3.56,-1.81
640,0.011905,0.022979,0.00573,17.3,0.001805,0.003766,21.15,0.384184,9.53,10.53,9.29,-4.61,1.98,2.09
641,0.003361,0.01883,0.014482,1.15,0.002603,0.002658,19.22,0.291294,10.53,9.1,10.52,4.88,-0.67,-4.90000000000001
642,0.002652,0.023961,0.010625,2.55,0.002814,0.002016,21.91,0.458885,9.85,10.27,9.04,2.9,0.59,-0.310000000000002
643,0.010121,0.017937,0.009372,18.99,0.001516,0.003409,19.96,0.240247,10.86,9.86,10.77,-2.54,-1.75,3.09
644,0.005843,0.015905,0.006599,13.98,0.002277,0.002785,18.48,0.554719,9.11,10.82,9.69,1.84,-4.01,1.09999999999999
645,0.005978,0.024323,0.009931,15.01,0.001724,0.002643,20.11,0.494557,10.98,9.45,9.35,-1.19,3.07,-0.140000000000001
646,0.009287,0.017535,0.011179,1.54,0.002926,0.003781,18.03,0.214157,9.98,10.92,10.58,0.85,-4.26,2.95999999999999
647,0.009828,0.02198,0.007236,10.15,0.002483,0.003019,21.58,0.297494,9.23,10.49,10.18,4.43,0.18,-3.14
648,0.002908,0.016129,0.013483,6.43,0.001187,0.002407,19.53,0.391841,10.23,9.89,9.88,-4.78,-1.53,0.969999999999999
649,0.003459,0.021076,0.011423,9.71,0.001398,0.002769,21.34,0.231125,9.4,10.73,10.43,-3.02,2.23,3.84
650,0.011766,0.0171,0.007675,13.72,0.002194,0.003658,19.27,0.450243,10.4,9.15,9.63,2.75,-1.04,-1.68000000000001
651,0.007349,0.022794,0.013883,4.83,0.002653,0.003393,20.84,0.561397,10.65,9.72,9.09,1.35,4.5,1.92
652,0.005426,0.019131,0.005137,18.63,0.00195,0.002032,18.8,0.155279,9.65,10.16,10.83,-1.63,-3.15,-4.76000000000001
653,0.004808,0.021336,0.014752,14.22,0.002797,0.002317,21.2,0.257798,9.29,9.82,10.95,-0.26,-0.13,1.51000000000001
654,0.007966,0.015488,0.006004,7.95,0.001596,0.003241,19.16,0.413928,10.28,10.3,9.22,0.54,1.28,-4.3
655,0.004072,0.018144,0.0087,2.84,0.002354,0.002617,18.66,0.130561,9.53,9.26,10.3,-3.83,4.17,-2.38
656,0.00229,0.023402,0.006404,0.8,0.002065,0.002193,20.47,0.525623,10.83,10.1,9.76,-3.33,-4.56,-2.8
657,0.008674,0.020433,0.008944,5.92,0.001822,0.003566,21.97,0.332344,9.08,9.09,10.71,2.3,-2.45,-0.810000000000002
658,0.00659,0.01646,0.010191,11.91,0.002524,0.002991,19.89,0.362726,10.08,10.54,9.47,-1.95,1.14,3.61
659,0.006969,0.020193,0.005845,4.21,0.001242,0.003311,18.22,0.343484,10.37,9.22,9.39,-2.68,-3.71,4.34999999999999
660,0.010223,0.023474,0.008229,9.07,0.002988,0.002937,19.72,0.513509,9.62,10.21,10.09,1.7,-0.81,2.36
661,0.002541,0.019638,0.01198,13.1,0.001659,0.003513,21.64,0.169875,10.62,9.66,9.86,-1.26,2.16,-4.56
662,0.00449,0.024447,0.013124,10.76,0.001885,0.003187,19.45,0.579556,9.76,10.95,10.34,-0.92,-1.61,-0.560000000000002
663,0.010785,0.018735,0.006871,7.06,0.002715,0.002263,21.41,0.11167,10.76,9.43,9.61,1.11,0.42,2.77
664,0.010411,0.020081,0.005339,3.28,0.002332,0.002626,19.52,0.362167,9.1,10.5,9.37,1.53,3.62,-4.83
665,0.00502,0.015141,0.009098,2.15,0.001454,0.003887,20.91,0.433794,9.01,10.39,10.93,-4.52,2.53,0.859999999999999
666,0.005633,0.022829,0.010713,5.3,0.002294,0.003727,19.09,0.549954,9.92,9.6,10.81,-3.63,0.76,-2.92
667,0.007092,0.01899,0.00946,11.27,0.001121,0.002839,21.02,0.143104,10.93,10.03,9.01,3.44,-1.91,0.0799999999999983
668,0.003872,0.017272,0.007078,16.38,0.002866,0.003465,20.55,0.461444,9.18,9.03,10.47,-2.19,-4.8,3.17
669,0.003154,0.022394,0.007829,19.98,0.002593,0.003853,18.36,0.317299,10.44,10.33,9.98,-0.59,3.94,1.7
670,0.00961,0.015743,0.011582,3.47,0.001764,0.002714,20.28,0.410914,9.44,9.8,10.22,0.16,-2.79,-3.88
671,0.008885,0.0238,0.005603,14.85,0.001333,0.002477,19.83,0.475727,9.69,9.37,10.56,3.78,1.84,4.70999999999999
672,0.006352,0.018086,0.014355,8.56,0.002005,0.003088,21.79,0.194106,10.69,10.76,9.26,-4.22,-0.52,-1.89
673,0.006372,0.023811,0.011196,18.65,0.002627,0.00284,19.36,0.280523,10.83,10.63,9.84,0.98,-0.2,0.810000000000002
674,0.008902,0.018119,0.009949,4.8,0.001953,0.003733,21.28,0.436154,9.83,9.25,10.1,-0.71,1.51,-3.61
675,0.003134,0.015775,0.007254,9.73,0.002214,0.002109,20.78,0.105881,10.08,10.19,9.42,4.92,4.24,-0.599999999999994
676,0.003851,0.020809,0.007694,6.48,0.002488,0.002716,18.09,0.516597,9.29,9.41,10.88,2.92,-4.48,-4.61
677,0.007111,0.02284,0.005154,1.49,0.001743,0.00309,19.59,0.338912,10.53,10.39,9.58,-1.45,-2.21,-1.52
678,0.005655,0.019023,0.013902,15.05,0.002915,0.002483,21.55,0.369802,9.54,9.98,10.35,1.8,1.05,4.3
679,0.005042,0.02176,0.005986,11.94,0.001832,0.002136,18.45,0.48797,9.41,10.01,10.47,0.06,2.84,-1.91
680,0.010766,0.024416,0.008681,16.97,0.002093,0.003512,19.98,0.306501,10.65,9.06,9.05,-4.32,0.11,-3.83
681,0.004468,0.018722,0.012429,0.82,0.001265,0.002931,21.91,0.400379,9.65,10.56,10.75,3.97,-1.3,1.67
682,0.002521,0.023444,0.012633,2.89,0.001038,0.002261,19.22,0.255317,10.98,9.79,9.3,3.22,2.47,3.14
683,0.010205,0.019624,0.006386,19.32,0.002367,0.003181,21.17,0.474912,9.98,10.33,10.5,-3.5,-1.12,-0.959999999999994
684,0.008284,0.020162,0.010173,7.89,0.002794,0.003885,18.72,0.538684,9.23,10.77,10.23,-2.4,4.58,0.129999999999995
685,0.006989,0.016655,0.008925,14.27,0.001622,0.002555,20.64,0.133043,10.23,9.35,9.96,2.12,-3.39,-2.95
686,0.006572,0.020461,0.014579,2.13,0.002153,0.003234,21.47,0.55855,10.44,10.92,9.94,2.63,0.83,-4.70999999999999
687,0.008653,0.016466,0.005827,15.67,0.001451,0.002315,19.42,0.152176,9.44,9.45,10.14,-2.82,-2.14,1.89
688,0.002308,0.019747,0.008209,10.74,0.002694,0.003941,18.89,0.4548,10.69,10.48,9.34,1.56,-4.88,3.88
689,0.00409,0.024958,0.006853,13.05,0.002983,0.003361,20.2,0.295119,9.93,9.13,10.85,0.65,3.86,1.01000000000001
690,0.007945,0.021364,0.009079,18.04,0.001224,0.002985,21.73,0.500331,10.18,10.18,9.68,-4.97,1.59,2.93000000000001
691,0.00479,0.015493,0.010332,4.17,0.002427,0.003565,19.66,0.21824,9.17,9.69,10.39,4.53,-0.44,-0.0900000000000034
692,0.005407,0.022786,0.009478,8.53,0.001322,0.003788,20.34,0.318861,9.76,10.29,10.26,3.57,-3.47,3.64
693,0.007328,0.019106,0.01073,14.89,0.002024,0.002645,18.27,0.350972,10.76,9.83,9.56,-3.14,4.82,-0.849999999999994
694,0.011787,0.021067,0.007095,3.51,0.002565,0.002414,21.84,0.535669,10.01,9.27,9.21,-2.05,-0.74,0.549999999999997
695,0.003478,0.017074,0.013348,19.96,0.001769,0.003021,19.8,0.192543,9.01,10.86,10.98,2.49,1.93,-2.77
696,0.002926,0.021971,0.011599,16.34,0.001558,0.003664,21.11,0.586688,10.37,9.5,9.46,0.34,-1.86,-2.34999999999999
697,0.009848,0.016103,0.007847,0.21,0.002854,0.002771,19.03,0.118303,9.37,10.12,10.73,-0.14,0.5,4.55
698,0.005959,0.01751,0.00562,5.26,0.001095,0.003395,18.53,0.424711,10.62,9.07,9.81,4.23,2.77,1.54000000000001
699,0.00586,0.022256,0.008485,3.88,0.002906,0.003037,20.91,0.358941,9.49,10.69,9.16,-3.6,-4.33,-2.22
700,0.009404,0.015936,0.012232,17.66,0.001702,0.002398,18.96,0.328288,10.5,9.18,10.92,3.4,3.02,4.38
701,0.010102,0.023974,0.006179,8.77,0.001145,0.002661,21.4,0.185064,10.74,9.74,10.32,2.03,-1.44,-4.20999999999999
702,0.002635,0.017967,0.014927,12.8,0.002442,0.003772,19.48,0.529662,9.75,10.13,9.62,-2.23,0.28,1.37
703,0.003342,0.022992,0.010132,11.06,0.002232,0.003411,21.67,0.126751,10.89,9.48,10.07,-0.62,-0.99,3.5
704,0.011883,0.01886,0.008885,7.35,0.001434,0.002022,19.71,0.595633,9.89,10.9,9.87,0.19,2.3,-0.680000000000007
705,0.007622,0.020649,0.012672,15.97,0.001976,0.002787,20.15,0.417725,9.14,10.45,9.4,3.76,-3.25,0.409999999999997
706,0.005153,0.017454,0.006423,2.48,0.002679,0.003647,18.22,0.261843,10.13,9.92,10.67,-4.18,4.41,-2.59
707,0.004535,0.024575,0.013698,5.6,0.001572,0.003987,21.78,0.159284,10.8,10.07,10.54,-2.67,1.38,1.15000000000001
708,0.00824,0.018571,0.007451,11.57,0.002777,0.002564,19.85,0.565177,9.8,9.56,9.28,3.1,-0.04,-3.34999999999999
709,0.003955,0.01529,0.009755,16.71,0.001016,0.003188,18.33,0.227359,10.05,10.5,10.2,-1.28,-2.93,-0.260000000000005
710,0.002017,0.020001,0.005195,19.65,0.001305,0.003612,20.52,0.395867,9.32,9.86,9.74,-0.92,3.32,-4.84999999999999
711,0.008791,0.023594,0.007655,14.56,0.00255,0.002238,21.04,0.210148,10.57,10.83,10.8,4.71,1.21,-1.84
712,0.006473,0.019465,0.011403,8.27,0.001846,0.003314,19.09,0.490782,9.56,9.29,9.03,-4.5,-2.4,4.06
713,0.006696,0.023277,0.00698,15.34,0.002377,0.002885,18.77,0.198095,9.86,10.98,9.12,-0.24,4.94,3.31
714,0.00854,0.019909,0.013231,1.87,0.001207,0.003558,20.85,0.479461,10.85,9.39,10.82,0.51,-3.64,-1.09999999999999
715,0.01034,0.020621,0.009596,10.45,0.001634,0.003259,19.29,0.406946,10.11,9.96,10.41,4.13,2.05,0.310000000000002
716,0.002107,0.020545,0.009765,6.58,0.002724,0.002495,20.29,0.374223,10.31,10.68,10.54,-3.49,2.37,0.0100000000000051
717,0.004216,0.021515,0.014101,9.41,0.002735,0.002508,19.53,0.465424,10.28,9.19,10.16,-3.35,0.36,-2.09
718,0.011058,0.015334,0.005349,13.42,0.001908,0.003932,21.6,0.247285,9.28,10.68,9.89,3.71,-1.66,4.89
719,0.005218,0.016997,0.008495,13.78,0.001354,0.00228,18.96,0.244044,9.14,10.62,9.61,-1.48,0.97,2.43000000000001
720,0.004903,0.018303,0.008122,18.3,0.002167,0.002308,20.08,0.546224,10.53,9.63,10.57,-1.92,-3.77,1.81
721,0.005516,0.02123,0.012078,13.93,0.001086,0.002093,19.92,0.429964,10.41,10.35,10.69,-1.19,-2,-4.43000000000001
722,0.007209,0.016923,0.008326,7.66,0.002256,0.003482,21.96,0.27286,9.41,9.77,9.49,0.83,0.65,2.25
723,0.003599,0.019266,0.005708,2.51,0.001513,0.002856,20.47,0.58364,10.66,10.79,10.03,-4.79,3.54,4.17
724,0.003037,0.024154,0.009351,1.13,0.001787,0.002467,18.66,0.16605,9.95,9.56,9.52,-3.03,-2.68,0.629999999999996
725,0.009727,0.017659,0.010603,17.33,0.002614,0.003106,20.71,0.509428,10.96,10.06,10.28,2.76,4.03,-3.48
726,0.009158,0.022123,0.006577,6.22,0.002046,0.003843,19.15,0.378929,10.21,10.62,10.94,1.34,-0.57,2.63
727,0.006078,0.015941,0.01283,12.2,0.001374,0.002732,21.23,0.347543,9.21,9,9.24,-1.61,1.77,-0.469999999999999
728,0.006163,0.02072,0.006256,7.69,0.001711,0.002278,21.71,0.318397,9.73,10.52,10.78,2.41,-4.83,-3.56
729,0.009102,0.017349,0.01251,13.89,0.002881,0.003171,19.67,0.411768,10.73,9.11,9.04,-2.13,3.44,0.780000000000001
730,0.009779,0.023064,0.009031,2.78,0.002465,0.003902,20.22,0.476581,10.48,9.54,9.7,-3.22,-1.94,-0.319999999999993
731,0.002956,0.018756,0.010282,18.76,0.001138,0.002545,18.14,0.195204,9.48,10.09,10.49,3.49,0.71,2.53
732,0.003645,0.024035,0.014785,17.37,0.001412,0.002153,20.96,0.551053,10.16,9.31,9.95,4.31,-0.47,2.28
733,0.011581,0.017852,0.006032,1.08,0.002238,0.003296,18.91,0.143958,9.15,10.82,10.24,-3.96,1.86,-4.47
734,0.0073,0.022316,0.012402,12.47,0.002671,0.003529,21.48,0.244401,9.9,10.25,10.53,-0.07,-2.74,4.11
735,0.005475,0.01582,0.00865,5.94,0.001999,0.002922,19.4,0.462543,10.9,9.87,9.3,0.41,3.97,-1.31
736,0.004837,0.023709,0.011551,1.59,0.002752,0.002699,20.6,0.578701,10.03,10.15,9.42,1.48,2.11,4.95
737,0.007937,0.019403,0.007798,15.61,0.001582,0.003869,18.52,0.110571,9.04,9.73,10.66,-1.83,-0.84,-2.12
738,0.004277,0.016747,0.005026,10.48,0.002337,0.002493,19.04,0.43294,10.79,10.71,9.82,2.54,-3.73,-3.95999999999999
739,0.002319,0.021712,0.009917,13.15,0.00211,0.002823,21.85,0.342629,9.58,9.94,10.37,4.61,2.56,-1.25
740,0.010416,0.015219,0.01117,9.68,0.001283,0.003742,19.78,0.373988,10.58,10.44,9.57,-4.89,-3.83,3.41
741,0.008469,0.024681,0.007301,18.25,0.00187,0.003449,20.33,0.51241,10.33,10.88,9.17,-1.01,0.45,-3.01000000000001
742,0.006796,0.018501,0.013553,4.53,0.002542,0.002118,18.29,0.169021,9.33,9.5,10.9,0.74,-1.56,0.170000000000002
743,0.006392,0.024695,0.007957,11.84,0.001198,0.003673,19.61,0.524769,9.12,10.81,10.99,4.05,4.22,2.15000000000001
744,0.008842,0.018378,0.011705,5.33,0.002402,0.002753,21.53,0.180159,10.12,9.32,9.19,-4.24,-2.83,-4.99
745,0.010663,0.021414,0.005497,16.76,0.002939,0.002047,18.08,0.331245,10.87,9.76,9.53,-0.32,1.32,3.91
746,0.002102,0.015409,0.014244,0.45,0.001642,0.003377,20.04,0.361872,9.87,10.37,10.27,0.13,-0.1,-1.75
747,0.003913,0.020511,0.010699,3.42,0.00193,0.003797,18.85,0.256944,10.51,9.02,9.78,2.05,1.11,-3.37
748,0.01136,0.016381,0.009451,19.38,0.002728,0.002628,20.77,0.41283,9.51,10.6,10.02,-2.48,-2.5,1.2
749,0.008145,0.023168,0.013394,8.31,0.002175,0.002423,19.34,0.598569,9.26,10.05,10.74,-3.58,3.38,-0.209999999999994
750,0.004582,0.019976,0.007147,14.53,0.001471,0.003004,21.29,0.129707,10.26,9.58,9.44,3.15,-4.61,3.03
751,0.005214,0.022058,0.012976,17.62,0.002281,0.003352,18.71,0.232223,10.68,10.43,9.32,5,-1.5,-0.730000000000004
752,0.007512,0.016051,0.006728,3.92,0.001076,0.002209,20.66,0.451098,9.68,9.94,10.62,-4.56,0.23,3.53
753,0.003276,0.01777,0.009189,9.05,0.002818,0.003583,21.15,0.156378,10.42,11,9.91,1.06,3.12,0.370000000000005
754,0.002735,0.02256,0.005878,7.32,0.002607,0.003225,19.96,0.495656,9.19,9.64,10.39,1.72,-3.19,4.53
755,0.009479,0.021154,0.008184,2.21,0.00135,0.002601,18.47,0.298348,10.94,10.67,9.07,-2.65,-1.09,1.29000000000001
756,0.005755,0.017022,0.01193,16.25,0.002054,0.003958,20.4,0.39294,9.94,9.21,10.86,2.84,2.2,-4.06999999999999
757,0.010954,0.015214,0.009606,0.34,0.002122,0.00205,21.34,0.257137,10.28,9.86,10.83,0.63,-2.61,-0.0499999999999972
758,0.009225,0.018908,0.0053,8.65,0.002649,0.00296,20.1,0.239392,9.06,9.05,9.97,4.51,2.03,-2.49
759,0.009895,0.02087,0.011279,19.76,0.00219,0.002225,19.55,0.147251,9.82,9.61,9.25,0.91,-3.53,1.42
760,0.002831,0.017189,0.007527,3.7,0.001394,0.003336,21.59,0.55362,10.82,10.02,10.55,-1.11,4.76,-4.25
761,0.003529,0.022477,0.007419,0.09,0.001183,0.003974,19.28,0.221201,9.55,9.37,9,-1.69,-4.06,-0.870000000000005
762,0.007413,0.023883,0.009802,5.06,0.002923,0.002348,18.78,0.38333,10.3,10.31,10.46,2.69,-1.8,-2.7
763,0.005351,0.018015,0.011054,11.52,0.00172,0.003209,20.83,0.290195,9.3,9.81,9.73,-3.11,0.56,0.549999999999997
764,0.004719,0.020268,0.008755,15.86,0.002527,0.003424,19.17,0.189647,9.64,10.21,9.6,-3.79,3.67,-3.24
765,0.008045,0.016586,0.010008,1.93,0.001826,0.002,21.22,0.5328,10.64,9.67,10.33,4.21,-4.93,1.02
766,0.011069,0.023549,0.006529,10.85,0.001273,0.0028,18.64,0.355804,10.39,9.23,10.92,0.59,0.93,-0.0699999999999932
767,0.004166,0.019554,0.012781,6.97,0.002069,0.003626,20.72,0.323705,9.38,10.64,9.13,-0.16,-2.04,2.84999999999999
768,0.002198,0.02453,0.012284,9.31,0.002358,0.00305,18.41,0.421835,10.24,10,10.67,-1.99,1.65,2.01000000000001
769,0.010527,0.01866,0.008531,12.85,0.001062,0.002377,20.45,0.265453,9.25,10.38,9.38,2.19,-0.38,-4.81999999999999
770,0.006687,0.015066,0.006148,17.92,0.002801,0.003751,21.98,0.591522,11,9.43,10.08,-3.43,-2.65,-1.56999999999999
771,0.006894,0.021255,0.010475,5.7,0.001457,0.002446,20.16,0.102969,10.7,10.87,10.06,-1.36,0.01,-1.06999999999999
772,0.008331,0.01556,0.009227,12.14,0.002131,0.00312,18.2,0.572572,9.71,9.25,9.76,1.62,-1.39,3.27
773,0.002611,0.018216,0.006688,17.09,0.001889,0.002746,19.73,0.285382,10.46,10.31,10.71,-2.75,-4.13,0.0300000000000011
774,0.004412,0.023329,0.008377,19.13,0.001662,0.002072,21.42,0.366881,9.16,9.08,9.23,-4.43,4.67,4.77
775,0.007643,0.020361,0.005682,14.16,0.002419,0.003696,20.89,0.177592,10.91,10.11,10.31,1.2,2.41,1.61
776,0.005093,0.016541,0.014429,8.02,0.001247,0.002869,18.97,0.521477,9.91,9.52,9.51,-0.84,-1.18,-3.81999999999999
777,0.00573,0.024239,0.005458,4.92,0.002002,0.002529,21.03,0.40332,9.03,10.5,9.64,-2.3,-3.03,2.45
778,0.007006,0.017609,0.014206,18.54,0.001329,0.003918,19.11,0.309453,10.03,9.88,10.44,1.94,4.3,-4.61
779,0.011484,0.021895,0.007998,9.93,0.001761,0.003155,20.53,0.20219,10.77,9.44,10.84,3.32,-0.29,4.29000000000001
780,0.00378,0.016203,0.011745,13.49,0.002589,0.002294,18.58,0.483086,9.78,10.94,9.1,-3.68,1.41,-1.45
781,0.003249,0.021002,0.013201,10.22,0.002863,0.002906,20.27,0.135989,10.61,9.71,10.59,-4.11,-2.27,-3.73
782,0.009527,0.017185,0.006952,6.36,0.001534,0.003545,18.34,0.541626,9.6,10.17,9.35,3.84,1,0.909999999999997
783,0.008963,0.022721,0.010895,15.25,0.001118,0.00328,21.8,0.470023,9.36,10.73,9.89,0.27,-4.38,-0.489999999999995
784,0.006262,0.019216,0.009648,1.3,0.00229,0.002169,19.84,0.250408,10.35,9.15,10.18,-0.54,3.26,2.67
785,0.006251,0.021595,0.013401,16.9,0.001128,0.003779,20.5,0.295747,10.92,9.61,10.42,-1.88,4.56,-1.54000000000001
786,0.009013,0.015258,0.007149,0.93,0.002456,0.002672,18.61,0.389621,9.92,10.01,9.66,2.31,-3.41,4.36
787,0.009555,0.024563,0.010628,12,0.002883,0.002403,21.06,0.496777,9.17,10.57,9.12,3.75,2.46,-4.54000000000001
788,0.003182,0.018539,0.009375,5.79,0.001713,0.003046,19.08,0.215903,10.17,9.05,10.82,-3.32,-1.14,2.36
789,0.003732,0.02367,0.005518,7.84,0.001986,0.003653,21.76,0.563084,9.46,10.34,9.37,-3.9,0.13,2.74
790,0.007076,0.020077,0.0079,2.93,0.002244,0.002029,20.3,0.228966,10.71,9.34,10.17,0.47,2.86,0.819999999999993
791,0.0057,0.016865,0.011654,19.23,0.001418,0.003421,18.32,0.448557,9.72,10.78,9.9,-0.27,-4.17,-3.67
792,0.005082,0.023918,0.008146,13.62,0.002335,0.003198,21.69,0.597936,9.35,9.24,9.78,-1.58,-2.24,0.109999999999999
793,0.007693,0.017891,0.011898,9.84,0.001007,0.002368,19.7,0.128326,10.34,10.63,10.04,1.38,1.05,-2.90000000000001
794,0.01088,0.0222,0.005919,18.72,0.001591,0.002572,20.13,0.260033,10.6,10.2,10.7,2.79,-4.51,3.2
795,0.004345,0.01586,0.014672,4.69,0.002762,0.003993,18.24,0.41566,9.6,9.68,9.49,-3,3.16,-0.989999999999995
796,0.002564,0.02068,0.010424,1.44,0.002536,0.003323,20.92,0.334015,10.77,10.97,10.95,-4.83,-3.09,-3.89
797,0.010172,0.017466,0.009172,15.14,0.001864,0.002243,18.94,0.364901,9.77,9.41,9.25,4.4,4.27,1.7
798,0.0084,0.023024,0.013042,6.53,0.001297,0.002949,21.39,0.523449,9.02,9.97,9.53,0.8,-0.19,-1.90000000000001
799,0.006863,0.018872,0.006788,10.01,0.002123,0.003619,19.5,0.179587,10.02,10.4,10.3,-1.22,1.54,4.7
800,0.006617,0.0226,0.012365,3.57,0.001655,0.002174,18.67,0.511273,10.31,9.84,10.32,-4.15,-3.93,2.94
801,0.008618,0.019249,0.008618,19.85,0.002952,0.003254,20.69,0.168144,9.31,10.28,9.62,3.79,2.78,-0.140000000000001
802,0.00219,0.016905,0.006078,15,0.001192,0.002878,21.25,0.377323,10.56,9.27,10.91,-0.58,0.51,-3.15000000000001
803,0.004138,0.022175,0.009018,11.37,0.001481,0.002297,19.93,0.279106,9.83,10.11,9.39,-2.26,-0.75,-1.64
804,0.011136,0.016011,0.010265,5.18,0.002185,0.003127,21.95,0.435465,10.82,9.51,10.66,1.99,1.9,3.86
805,0.008056,0.024206,0.006322,16.29,0.002726,0.003923,18.38,0.577884,10.08,9.08,10.07,3.37,-3.48,-4.73
806,0.004669,0.01773,0.01257,0.3,0.001928,0.002503,20.49,0.109495,9.07,10.55,9.86,-3.64,4.79,1.94
807,0.005282,0.02055,0.007308,7.17,0.002824,0.002851,19.51,0.241326,9.99,9.46,9.99,-4.47,1.61,-4.33
808,0.007444,0.016264,0.013555,10.63,0.001526,0.003708,21.62,0.459697,10.99,10.91,10.19,4.74,-0.42,1.48999999999999
809,0.011993,0.019341,0.006189,18.87,0.002595,0.003906,19.48,0.550918,10.89,9.56,10.91,2.89,3.24,4.27
810,0.003521,0.019857,0.011095,15.78,0.002268,0.002082,20.06,0.145324,9.24,9.9,9.27,-0.89,-2.53,4.58
811,0.002802,0.024813,0.013799,18.09,0.002056,0.002725,18.75,0.477886,10.38,10.73,10.79,-1.31,3.7,0.609999999999999
812,0.009962,0.018339,0.005052,4.08,0.001352,0.003833,20.86,0.195791,9.38,9.14,9.02,1.67,-4.89,-2.79000000000001
813,0.002835,0.022481,0.013358,9.9,0.002475,0.002296,21.84,0.541789,9.37,10.96,10.26,2.75,-2.78,2.51000000000001
814,0.006,0.015371,0.007747,9.21,0.002597,0.002459,21.33,0.408755,10.63,10.18,10.44,-2.71,-2.16,-0.799999999999997
815,0.005825,0.024414,0.005645,0.56,0.001403,0.002098,19.2,0.468702,9.25,9.55,10.6,4.58,1.21,0.439999999999998
816,0.009983,0.021757,0.008418,5.53,0.002647,0.003724,18.74,0.138758,10.5,10.51,9.93,-1.05,3.32,3.45
817,0.002743,0.015106,0.012171,11.67,0.001945,0.002835,20.63,0.544655,9.51,9.11,10.13,0.7,-4.63,-0.659999999999997
818,0.003304,0.020228,0.012922,14.61,0.001734,0.002474,18.44,0.20528,10.86,10.27,9.67,1.52,4.09,-4.16
819,0.011931,0.016702,0.006671,8.17,0.002936,0.003086,20.43,0.485917,9.86,9.85,10.38,-1.79,-2.93,1.34999999999999
820,0.007502,0.02351,0.01054,19.6,0.002473,0.003848,19.99,0.402687,9.12,9.28,10.85,-2.86,1.35,-2.24
821,0.005264,0.019671,0.009287,3.22,0.001177,0.00271,21.88,0.308072,10.11,10.84,9.08,2.58,-0.04,4.44
822,0.004651,0.022359,0.010902,8.84,0.002071,0.002925,18.12,0.174334,10.95,9.18,9.21,4.28,-3.23,-1.81999999999999
823,0.008114,0.015709,0.00965,12.7,0.001275,0.003501,20.01,0.518936,9.95,10.7,10.97,-4,4.42,4
824,0.003922,0.018053,0.006876,17.77,0.002518,0.002127,21.56,0.337063,10.2,9.74,9.55,0.38,2.31,2.08
825,0.002131,0.022862,0.00802,16.02,0.002807,0.00255,19.37,0.442153,9.44,10.9,10,2.44,-1.45,3.12
826,0.008831,0.020831,0.005402,11.01,0.001049,0.003174,18.82,0.100368,10.69,9.91,9.46,-3.18,-4.34,1.13
827,0.006442,0.017307,0.014155,7.44,0.002344,0.00225,20.8,0.569253,9.68,10.46,10.72,3.53,3,-3.28
828,0.006807,0.02104,0.009809,18.97,0.001876,0.003946,21.12,0.120356,9.9,9.78,10.64,1.85,-0.6,-4.03
829,0.008419,0.017067,0.011056,2.61,0.002704,0.002619,19.01,0.588509,10.89,10.35,9.44,-1.41,1.75,1.87
830,0.010388,0.022759,0.007347,14,0.002137,0.002321,20.57,0.42314,10.15,10.79,9.84,-2.53,-2.71,-2.04000000000001
831,0.002386,0.019098,0.013596,7.54,0.001463,0.003245,18.55,0.266041,9.14,9.34,10.1,2.97,4.02,4.88
832,0.004325,0.024357,0.0113,6.17,0.001237,0.003572,20.37,0.356452,10.47,10.05,9.59,4.87,-4.72,0.25
833,0.01094,0.017571,0.007553,12.29,0.00241,0.002996,18.26,0.32507,9.47,9.57,10.35,-4.68,3.57,-3.06999999999999
834,0.007867,0.022013,0.013996,1.18,0.002994,0.002196,21.82,0.186572,9.72,9.01,10.89,-0.75,-1.98,3.34
835,0.004868,0.016164,0.005248,17.24,0.001664,0.00337,19.81,0.529954,10.73,10.61,9.19,0.94,0.68,-1.16
836,0.005485,0.023369,0.014863,10.38,0.002583,0.00303,20.2,0.382514,10.34,9.4,9.06,2.16,2.61,2.59999999999999
837,0.007249,0.019706,0.006117,6.83,0.001755,0.002419,18.18,0.28912,9.34,10.97,10.76,-2.36,-3.81,-0.400000000000006
838,0.003712,0.016424,0.008577,1.77,0.002015,0.003795,19.63,0.505844,10.59,9.97,9.71,3.27,-1.7,-3.49
839,0.003004,0.021371,0.006517,4.45,0.002288,0.003406,21.45,0.149837,9.79,10.67,10.23,3.93,2.09,-1.40000000000001
840,0.009032,0.024965,0.008821,9.46,0.001543,0.00278,20.99,0.456649,10.04,9.63,9.31,-0.45,4.98,-4.40000000000001
841,0.006194,0.018177,0.010069,13.34,0.002873,0.003668,18.88,0.238515,9.04,10.24,10.52,0.01,-3.63,2.19
842,0.003525,0.017223,0.01159,6.31,0.002201,0.002902,19.03,0.202515,10.01,9.68,9.8,4.42,3.49,2.3
843,0.009147,0.019586,0.010374,10.57,0.001379,0.002233,20.44,0.428045,10.52,10.16,10.71,1.23,-1.64,-1.26000000000001
844,0.00966,0.020281,0.006821,1.64,0.001967,0.002967,19.88,0.585551,10.27,10.71,10.05,4.81,2.52,2.34
845,0.003065,0.016617,0.013068,15.52,0.002641,0.003609,21.99,0.117426,9.27,9.16,9.75,-4.39,-3.9,-4.5
846,0.003607,0.021798,0.012024,18.19,0.002913,0.003216,19.18,0.534853,10.1,10.45,10.3,-2.79,4.92,-0.379999999999995
847,0.011629,0.01501,0.008276,4.64,0.001741,0.002359,21.2,0.191468,9.09,9.93,9.5,2.99,-3.69,2.56
848,0.007294,0.017374,0.006568,16.12,0.001714,0.002599,21.23,0.23205,10.41,10.69,10.29,3.58,4.71,-2.72
849,0.005586,0.018604,0.005815,9.57,0.002498,0.003983,20.74,0.353497,10.85,10.89,10.96,-1.39,-0.8,0.719999999999999
850,0.004953,0.020926,0.014298,2.73,0.001251,0.003635,19.26,0.500979,10.21,9.1,10.83,-0.51,-2.81,-3.02
851,0.007811,0.017265,0.00555,18.85,0.002079,0.002805,21.37,0.219606,9.22,10.53,9.1,0.31,3.92,0.219999999999999
852,0.004245,0.018983,0.007855,13.8,0.001838,0.003431,20.82,0.385419,10.97,9.53,10.43,-4.07,1.81,3.38
853,0.002433,0.023851,0.007044,12.4,0.001612,0.003761,18.01,0.23364,9.67,10.82,9.88,-3.71,-1.89,1.72
854,0.00851,0.022445,0.009505,17.43,0.002369,0.002385,19.56,0.559854,10.42,9.87,10.58,1.91,-4.78,4.95999999999999
855,0.006765,0.015659,0.010752,0.98,0.001039,0.003055,21.57,0.152764,9.41,10.26,9.35,-2.34,3.51,-2.18000000000001
856,0.006503,0.021932,0.005079,12.59,0.002696,0.002735,20.26,0.539805,9.13,9.95,9.26,-3.07,-1.02,-0.189999999999998
857,0.010711,0.024275,0.007696,17.58,0.001441,0.003111,21.81,0.252715,10.88,10.99,10.21,1.3,-3.13,-3.44
858,0.002065,0.017626,0.011448,4.01,0.002143,0.002441,19.82,0.471593,9.88,9.39,9.98,-1.66,4.52,1.22
859,0.004022,0.022669,0.013451,2.28,0.002432,0.002861,21.01,0.303244,10.73,10.23,10.46,-1.14,-4.28,3.97
860,0.011242,0.019145,0.007198,16.14,0.00123,0.003691,19.12,0.397839,9.74,9.65,9.73,0.88,3.06,-1.77
861,0.00819,0.020951,0.011224,7.25,0.001674,0.003485,20.55,0.488802,9.49,9.22,9.02,4.48,-1.55,2.13
862,0.004546,0.017114,0.009972,11.21,0.002969,0.002065,18.57,0.208161,10.49,10.66,10.81,-4.75,0.16,-4.94
863,0.005183,0.024919,0.01022,16.8,0.001779,0.002287,21.43,0.342002,10.57,9.32,10.94,-3.39,3.42,1.3
864,0.007553,0.018267,0.008967,0.37,0.002575,0.003145,19.45,0.372632,9.57,10.8,9.14,3.66,-4.54,-4.12
865,0.003389,0.015612,0.00635,5.42,0.00132,0.002521,18.99,0.171357,10.32,9.76,10.34,-1.96,-2.42,-2.29000000000001
866,0.002702,0.020344,0.008742,8.37,0.001109,0.002164,20.18,0.574167,9.06,10.6,9.85,-0.2,1.25,-2.5
867,0.009354,0.023312,0.005969,3.35,0.002848,0.003538,21.63,0.283293,10.81,9.59,10.68,4.18,4.15,-0.75
868,0.005871,0.019785,0.014721,19.49,0.001553,0.002895,19.74,0.439183,9.81,10.04,9.39,-3.82,-2.87,3.59
869,0.005929,0.020117,0.011799,10.9,0.002448,0.002536,21.87,0.380234,10.19,9.66,9.54,3.19,3.82,-2.68000000000001
870,0.009336,0.016769,0.008051,6.89,0.001151,0.003898,19.76,0.348131,9.18,10.22,10.28,-3.54,-2.58,0.480000000000004
871,0.002878,0.019425,0.005356,2.01,0.002892,0.002272,18.3,0.506414,10.93,9.23,9.2,2.09,-0.32,3.73
872,0.003411,0.024615,0.009545,4.35,0.002681,0.002911,20.61,0.112417,9.7,10.39,10.75,0.09,0.86,1.48
873,0.007378,0.021646,0.007007,9.24,0.001424,0.003287,21.08,0.430612,10.45,9.42,9.8,-4.28,3.6,4.64
874,0.005397,0.015173,0.013254,12.96,0.002222,0.002148,19.06,0.274226,9.45,10.95,10.03,4.01,-4.99,-2.42
875,0.004759,0.02311,0.006624,19.81,0.00103,0.002488,20.94,0.142384,9.61,9.04,10.16,2.89,-1.72,3.8
876,0.008015,0.018822,0.012872,3.6,0.002328,0.003064,18.92,0.54875,10.61,10.59,9.92,-2.61,0.61,-1.64
877,0.011183,0.020766,0.00932,14.72,0.002771,0.003862,21.5,0.464608,10.37,10.03,9.32,-1.49,-3.98,1.95999999999999
878,0.004043,0.017415,0.010567,8.73,0.001566,0.002688,19.39,0.24621,9.36,9.6,10.62,1.76,2.72,-4.8
879,0.002241,0.022294,0.014522,5.13,0.001856,0.002112,21.7,0.405809,10,10.76,9.07,1.02,-3.58,-0.019999999999996
880,0.010494,0.015818,0.005774,11.41,0.00256,0.003438,19.68,0.31267,9.01,9.36,10.87,-0.67,4.69,2.84
881,0.008704,0.024013,0.012061,0.02,0.002102,0.003738,20.24,0.200681,9.75,9.8,10.4,-4.61,-0.69,-3.26000000000001
882,0.006561,0.01785,0.008314,16.56,0.001303,0.002814,18.13,0.482794,10.75,10.32,9.67,4.95,1.96,1.08
883,0.006939,0.024116,0.012718,9.88,0.00296,0.003384,19.95,0.212917,10.54,9.89,9.69,0.45,-4.45,1.58
884,0.008295,0.017777,0.006465,13.58,0.001632,0.002058,21.93,0.49381,9.55,10.49,10.49,-0.02,3.22,-3.76000000000001
885,0.010272,0.022085,0.010101,4.97,0.001217,0.002758,18.49,0.394547,9.29,10.93,10.77,-3.92,-2.34,4.83
886,0.002493,0.016058,0.008849,18.46,0.002387,0.003682,20.38,0.300676,10.29,9.45,9.03,4.35,0.95,-2
887,0.00446,0.021112,0.006241,15.18,0.002161,0.003008,18.69,0.445596,9.09,10.16,10.52,3.45,-0.25,-2.88
888,0.007754,0.022519,0.008468,10.29,0.001922,0.002634,19.25,0.162374,10.84,9.15,9.94,-2.18,-2.99,-1.05
889,0.004972,0.019305,0.01222,6.26,0.002748,0.003808,21.14,0.568008,9.84,10.72,10.24,2.37,4.37,3.20999999999999
890,0.005605,0.021475,0.00758,0.66,0.001503,0.003594,18.86,0.418556,9.22,9.26,10.12,0.78,2.36,-0.519999999999996
891,0.007122,0.015451,0.011333,17.17,0.002831,0.002982,20.75,0.262903,10.22,10.87,9.82,-0.97,-1.24,2.73
892,0.011451,0.024756,0.005197,5.75,0.002258,0.002218,19.33,0.123493,10.97,10.3,9.41,-4.85,4.62,-3.68000000000001
893,0.003823,0.01842,0.01395,12.05,0.001088,0.003356,21.31,0.593092,9.97,9.83,10.64,4.66,-3.35,0.900000000000006
894,0.003125,0.02316,0.010952,14.09,0.00136,0.003967,19.62,0.182462,10.65,10.53,9.16,2.5,2.96,4.24
895,0.00964,0.019949,0.009699,8.12,0.002032,0.002606,21.51,0.526343,9.64,9.09,10.89,-2.94,-4.08,-1.43000000000001
896,0.006302,0.016355,0.007473,2.97,0.001793,0.003232,20.05,0.329181,10.39,10.1,9.57,1.44,-1.34,-4.67
897,0.006297,0.02145,0.011644,9.37,0.002842,0.002145,20.3,0.348336,9.92,10.91,9.36,-4.95,1.13,3.56999999999999
898,0.008928,0.015446,0.007891,12.84,0.001516,0.003287,18.31,0.379938,10.92,9.46,10.57,4.61,-2.48,-0.760000000000005
899,0.00313,0.018415,0.005509,17.95,0.002255,0.002913,19.87,0.163069,9.17,10.47,9.9,-1.02,-4.59,-2.52
900,0.003818,0.023126,0.009385,15.92,0.002043,0.002271,21.06,0.580503,10.47,9.14,10.41,-1.76,4.2,-2.27
901,0.007126,0.02047,0.007159,10.8,0.001788,0.003895,20.5,0.274034,9.72,10.18,9.11,2.61,1.31,-4.09999999999999
902,0.005609,0.01634,0.013411,7,0.002616,0.002538,18.61,0.430896,10.71,9.7,10.81,-2.89,-0.11,1.31999999999999
903,0.004977,0.024131,0.006779,0.15,0.001636,0.002815,21.39,0.549069,10.34,10.28,10.94,-4,-3.18,-4.95999999999999
904,0.007759,0.017811,0.013032,16.43,0.002963,0.003735,19.5,0.142218,9.35,9.84,9.23,4.28,4.48,2.12
905,0.010809,0.022099,0.009163,5.01,0.002376,0.003441,20.93,0.246384,9.6,9.27,9.52,0.37,-1.07,-1.79000000000001
906,0.004455,0.016092,0.010414,11.54,0.001204,0.002111,18.94,0.464281,10.6,10.85,10.29,-0.09,2.22,3.95
907,0.002498,0.021117,0.014682,14.83,0.001494,0.002691,20.13,0.312509,9.77,9.51,9.77,-2.09,-1.51,1.23999999999999
908,0.010277,0.016985,0.00593,8.63,0.002164,0.003861,18.23,0.406123,10.77,10.12,10.04,2.44,0.21,-3.42
909,0.008291,0.022524,0.011909,19.71,0.002737,0.003065,21.69,0.482473,10.02,10.55,10.69,3.54,-4.25,3
910,0.006934,0.019329,0.008156,3.72,0.001909,0.002485,19.7,0.20085,9.02,9.08,9.49,-3.19,3.1,-0.170000000000002
911,0.006567,0.023105,0.012561,10.16,0.002316,0.003805,18.38,0.493672,9.31,10.63,9.4,-1.44,-0.5,-2.16
912,0.008709,0.018797,0.006313,6.38,0.001018,0.002635,20.48,0.21327,10.31,9.24,10.67,1.87,1.84,4.98
913,0.010489,0.020761,0.010256,15.3,0.001571,0.002431,19.94,0.300331,10.56,9.67,10.08,2.93,-2.76,-3.92
914,0.002236,0.017391,0.009009,1.27,0.002775,0.003011,21.95,0.394678,9.56,10.2,9.87,-2.5,3.95,1.73999999999999
915,0.004048,0.022279,0.006088,4.85,0.002549,0.003681,19.14,0.226335,10.82,9.41,10.32,-4.66,-4.81,3.36
916,0.00801,0.023998,0.008628,9.98,0.001307,0.002055,18.67,0.568143,9.07,10.4,9.15,0.97,-1.92,0.200000000000003
917,0.004754,0.017815,0.012375,13.47,0.002105,0.003385,20.69,0.162024,10.08,9.97,10.92,-0.78,0.73,-3.04000000000001
918,0.005391,0.020152,0.007737,19.07,0.001147,0.003233,19.31,0.26265,10.99,10.01,10.79,-2.37,2.54,0.739999999999995
919,0.007372,0.016784,0.011485,3.1,0.002445,0.002341,21.32,0.418779,9.98,9.61,9.02,2.18,-3.85,-3.53
920,0.01182,0.023746,0.005042,14.21,0.002904,0.002609,18.75,0.592862,9.24,9.05,9.75,3.26,0.43,2.58
921,0.003416,0.01944,0.01379,7.99,0.0017,0.003967,20.86,0.123754,10.24,10.57,10.45,-3.45,-1.59,-0.359999999999999
922,0.002873,0.02464,0.011105,5.64,0.001973,0.003359,18.05,0.526571,9.38,9.79,10,-4.35,2.13,-4.52
923,0.009852,0.018459,0.009856,12.15,0.002678,0.002216,20.06,0.182204,10.38,10.34,10.2,3.92,-0.82,2.31999999999999
924,0.005934,0.015178,0.007318,17.06,0.001436,0.00359,21.62,0.359828,9.63,9.35,9.28,-0.46,-3.71,4.08
925,0.005876,0.024885,0.009278,13.17,0.002563,0.003982,19.99,0.427848,10.26,10.97,9.68,2.33,4.66,-4.66
926,0.009359,0.018253,0.010531,9.62,0.001767,0.002594,21.89,0.271222,9.25,9.4,10.39,-1.91,-3.31,2.5
927,0.010068,0.021291,0.006661,18.24,0.001323,0.002356,18.44,0.117129,9.5,9.97,10.86,-3.29,2.39,-1.41
928,0.002697,0.015597,0.012913,4.6,0.002026,0.003218,20.43,0.585756,10.5,10.41,9.09,3.71,-1.2,4.25
929,0.003394,0.020319,0.012181,1.62,0.002299,0.003606,18.74,0.191751,9.86,9.2,10.61,4.07,0.02,0.879999999999996
930,0.01188,0.0165,0.008428,15.55,0.001097,0.002967,20.63,0.534661,10.86,10.67,9.34,-3.87,-1.38,-3.7
931,0.007548,0.023288,0.014407,6.67,0.001556,0.002232,19.2,0.353697,10.11,10.24,9.93,-0.31,2.92,2.70999999999999
932,0.003041,0.01929,0.014775,7.47,0.002828,0.003414,18.91,0.185233,10.48,9.38,9.29,0.92,4.77,-2.37
933,0.005356,0.022915,0.005611,15.2,0.002645,0.002171,20.58,0.309135,10.76,9.25,9.45,0.84,-1.91,-1.29000000000001
934,0.007418,0.018942,0.014364,1.34,0.001943,0.003278,18.53,0.403485,9.76,10.63,10.72,-1.2,0.75,4.13
935,0.004027,0.01765,0.00801,6,0.001453,0.003758,21.26,0.292364,9.2,10.79,10.73,2.79,3.25,-2.87
936,0.002059,0.022684,0.006886,7.71,0.001227,0.003432,19.57,0.451956,10.43,9.57,9.22,4.39,-3.01,-2.02
937,0.002951,0.02405,0.005718,12.64,0.002243,0.003585,18.4,0.214841,10.96,10.9,10.7,-0.13,-1.74,-4.22
938,0.006508,0.017148,0.010912,18.83,0.001685,0.003634,20,0.559692,10.68,9.01,9.56,0.81,1.43,1.56
939,0.006761,0.020911,0.005239,7.3,0.002092,0.002064,21.82,0.134066,10.89,10.7,9.58,3.82,-4.04,1.06
940,0.010297,0.022942,0.007544,2.23,0.001835,0.003688,20.37,0.471945,9.14,9.74,10.88,-0.55,-1.77,2.81999999999999
941,0.002437,0.018949,0.011291,16.18,0.002507,0.002862,18.26,0.252576,10.15,10.14,9.18,0.2,0.58,-0.0400000000000063
942,0.00424,0.023846,0.013606,17.6,0.002797,0.002438,20.57,0.39749,9.47,9.47,10.63,1.96,-0.66,-4.78
943,0.010987,0.017978,0.007357,3.98,0.001623,0.003112,18.55,0.30338,10.47,10.9,9.43,-2.23,2.01,1.98
944,0.007816,0.02244,0.011066,12.55,0.001036,0.003814,21.12,0.208017,10.72,10.46,9.83,-3.66,-3.55,-1.62
945,0.004958,0.015635,0.009819,8.99,0.002365,0.002738,19.01,0.489159,9.72,9.91,10.09,3.4,4.74,3.81
946,0.00559,0.023586,0.01006,3.39,0.001383,0.002898,20.99,0.372893,9.34,10.08,10.22,4.75,1.67,-2.44
947,0.007183,0.019591,0.008812,19.44,0.002213,0.003536,18.88,0.341771,10.34,9.55,9.95,-4.48,-0.36,4.62
948,0.003603,0.016622,0.006507,14.47,0.001956,0.00216,19.43,0.51571,9.59,10.51,10.5,1.14,-2.63,1.45999999999999
949,0.00307,0.021833,0.008587,11.82,0.001744,0.002522,21.74,0.105074,10.8,9.85,9.05,1.66,3.64,3.74
950,0.009142,0.024489,0.006127,16.77,0.002485,0.003148,20.19,0.438925,9.04,10.84,10.47,-2.72,0.91,0.5
951,0.006123,0.018618,0.014873,0.4,0.001157,0.002287,18.18,0.28352,10.04,9.28,9.71,3.08,-2.07,-2.66
952,0.006199,0.023394,0.005805,19.64,0.001758,0.002708,18.63,0.249609,10.52,10.8,10.31,-3.53,3.84,-0.819999999999993
953,0.009765,0.020424,0.008266,14.59,0.002003,0.003082,19.18,0.54439,9.27,9.76,9.23,2.1,1.58,-2.81
954,0.002999,0.016429,0.012014,8.21,0.001331,0.002475,21.2,0.138992,10.27,10.36,10.97,-2.44,-0.46,0.590000000000003
955,0.003717,0.021405,0.013078,5.58,0.001119,0.002833,19.89,0.486171,9.09,9.03,9.48,-0.38,0.85,4.59999999999999
956,0.011558,0.015535,0.006831,11.63,0.002293,0.003725,22,0.205056,10.1,10.6,10.72,0.1,-2.12,-2.40000000000001
957,0.007244,0.024999,0.010383,0.52,0.002861,0.003459,18.43,0.308303,10.85,10.04,10.06,4,3.74,1.51000000000001
958,0.00548,0.018191,0.009135,16.66,0.001532,0.002101,20.44,0.402425,9.85,9.59,9.76,-4.28,-4.86,-4.31
959,0.004863,0.021026,0.010742,11.04,0.002716,0.002254,19.56,0.51858,9.21,10.42,9.89,-2.58,-1.87,1.93000000000001
960,0.007862,0.017033,0.009495,7.42,0.001887,0.003174,21.57,0.174476,10.21,9.95,10.18,2.86,0.49,-4.75
961,0.00433,0.019064,0.007034,2.43,0.002132,0.002548,20.11,0.368061,9.96,10.99,9.36,-1.52,2.75,-1.66
962,0.002381,0.024352,0.007865,3.86,0.002422,0.002127,18.8,0.286415,10.67,9.65,10.84,-0.7,-3.46,-3.13
963,0.010383,0.017546,0.011611,17.72,0.001249,0.003297,20.82,0.4418,9.67,10.23,9.11,1.05,4.84,0.969999999999999
964,0.008424,0.022008,0.005559,8.8,0.001661,0.003503,19.26,0.569599,9.42,10.66,9.63,4.92,-0.72,-0.120000000000005
965,0.006812,0.01614,0.014307,12.75,0.002989,0.002923,21.37,0.100236,10.42,9.22,10.43,-4.58,1.95,2.95999999999999
966,0.006438,0.022363,0.009962,1.15,0.001271,0.003368,20.55,0.588671,10.13,10.53,10.45,-0.01,-4.45,4.72
967,0.008827,0.015734,0.011214,17.27,0.002067,0.002198,18.57,0.120041,9.13,9.1,9.72,0.45,3.19,-1.88
968,0.010601,0.02377,0.007188,6.19,0.00253,0.002993,21.01,0.266364,9.88,9.53,9,4.36,-2.19,1.72
969,0.002135,0.018078,0.013441,12.26,0.001827,0.003572,19.12,0.42297,10.88,10.09,10.8,-3.93,1.08,-3.87
970,0.003917,0.022877,0.011458,13.95,0.001601,0.003243,21.81,0.324752,9.74,9.3,9.26,-3.27,-0.22,-1
971,0.011308,0.01906,0.007706,7.59,0.002803,0.002323,19.82,0.356618,10.74,10.83,10.55,3.46,1.49,3.18000000000001
972,0.008119,0.020845,0.013841,19.02,0.002356,0.002619,20.25,0.529781,10.49,10.26,10.21,2.35,-3.11,-2.92
973,0.004656,0.017341,0.005088,2.56,0.00106,0.003949,18.36,0.186898,9.49,9.87,9.97,-2.16,4.22,0.0999999999999943
974,0.005269,0.02438,0.014711,9.42,0.002188,0.003672,21.64,0.289412,9.57,10.16,9.85,-0.94,2.49,-3.65000000000001
975,0.007506,0.018685,0.005959,13.36,0.001393,0.002779,19.75,0.382313,10.58,9.72,10.08,0.75,-1.1,0.840000000000003
976,0.003299,0.015091,0.008732,18.35,0.002651,0.003403,18.19,0.22419,9.33,10.71,9.38,-4.88,-3.37,2.76000000000001
977,0.002748,0.020204,0.006359,15.35,0.002924,0.003795,20.88,0.556751,10.06,9.93,10.93,-2.97,2.82,2.34999999999999
978,0.009444,0.023486,0.008976,10.42,0.001181,0.002421,21.43,0.238227,9.81,10.89,9.59,1.41,0.08,4.34
979,0.00582,0.019666,0.010229,6.78,0.002477,0.003029,19.45,0.456845,10.8,9.49,10.33,-1.84,-1.32,-1.55
980,0.005995,0.020584,0.013244,2.83,0.001522,0.003419,21.08,0.389855,9.18,10.87,10.73,1.23,0.37,2.20999999999999
981,0.009231,0.016279,0.006997,19.35,0.00282,0.00203,19.06,0.295482,10.19,9.26,9.44,-0.8,-1.64,-4.39
982,0.009966,0.02324,0.010783,7.96,0.002278,0.002795,20.61,0.21616,10.93,9.82,9.79,-4.4,2.64,4.2
983,0.002807,0.019872,0.009535,14.26,0.001075,0.003656,18.5,0.496551,9.94,10.3,10.02,4.83,-3.75,-1.38
984,0.003516,0.024837,0.005366,11.88,0.001348,0.003044,20.31,0.157177,10.7,9.09,9.54,2.99,4.93,-3.51000000000001
985,0.007448,0.021556,0.00806,17.03,0.002609,0.002668,21.87,0.448334,9.45,10.1,10.99,-1.38,2.03,-0.420000000000002
986,0.005286,0.015376,0.011809,0.81,0.001811,0.00378,19.76,0.22922,10.45,9.53,9.19,1.58,-0.92,2.58
987,0.004673,0.022595,0.008304,6.42,0.002941,0.003619,20.24,0.128674,10.61,10.49,9.07,0.27,-2.66,-1.14
988,0.008061,0.019225,0.012051,10.12,0.001643,0.002946,18.13,0.5978,9.61,9.89,10.86,-0.48,4.05,3.36
989,0.011132,0.021189,0.005764,1.55,0.001196,0.002245,21.7,0.415803,9.36,9.45,10.4,-4.1,-0.56,-3.06
990,0.004134,0.016881,0.014512,15.04,0.0024,0.003321,19.69,0.259677,10.37,10.93,9.66,3.9,1.78,0.269999999999996
991,0.002194,0.02216,0.010576,18.6,0.002174,0.003996,21.5,0.364769,9.01,9.71,10.15,3.32,-2.02,4.86
992,0.010579,0.015977,0.009329,4.82,0.001469,0.002572,19.39,0.334361,10,10.16,9.91,-3.74,0.63,-2.06
993,0.008614,0.024191,0.012882,13.75,0.001932,0.00237,20.94,0.179234,10.76,10.72,9.31,-2.31,-4.75,1.84999999999999
994,0.006613,0.017696,0.006633,9.71,0.00273,0.003196,18.92,0.523589,9.75,9.16,10.61,1.88,3.52,-4.05
995,0.009107,0.02233,0.008336,17.51,0.001988,0.002209,19.91,0.392625,9.21,9.92,9.78,4.24,-4.01,-2.47
996,0.008406,0.017926,0.008458,0.19,0.002338,0.003925,21.14,0.511596,10.54,9.04,9.29,-3.06,2.28,1.11
997,0.002559,0.015895,0.00623,5.28,0.001579,0.002301,20.67,0.345378,9.29,10.03,10.25,1.31,4.39,3.09999999999999
998,0.00435,0.020685,0.008858,8.59,0.001869,0.002876,18.49,0.435791,10.09,9.36,9.7,0.89,-4.31,2.09999999999999
999,0.010885,0.017491,0.01011,14.87,0.002539,0.00355,20.38,0.278933,9.09,10.77,10.5,-1.15,3.04,-4.88
1000,0.007688,0.023029,0.006475,3.44,0.002112,0.00325,19.95,0.109661,9.84,10.32,10.78,-4.74,-1.42,4.01000000000001
1001,0.005077,0.018897,0.012728,19.98,0.001285,0.002174,21.94,0.577566,10.84,9.8,9.04,4.47,0.31,-1.8
1002,0.005695,0.02157,0.007463,13.11,0.002467,0.002459,18.06,0.459413,10.22,10.22,9.17,3.64,3.3,4.42
1003,0.00707,0.015253,0.013715,9.09,0.00114,0.003098,20.05,0.241519,9.22,9.66,10.9,-3.37,-4.69,-2.26000000000001
1004,0.00575,0.022043,0.006414,12.35,0.001065,0.002918,20.15,0.411636,10.5,9.77,10.07,-0.74,-0.27,2.69
1005,0.003738,0.018534,0.010942,4.18,0.00288,0.002724,21.51,0.551994,10.97,10.65,9.58,2.26,-2.42,-4.18000000000001
1006,0.003176,0.023636,0.013959,2.18,0.002668,0.002086,19.33,0.195988,9.64,9.99,10.12,0.58,1.41,-0.640000000000001
1007,0.00955,0.019506,0.005207,15.65,0.001998,0.003474,21.31,0.477598,10.65,10.39,9.82,-0.23,-0.02,3.47
1008,0.009018,0.020043,0.011342,7.04,0.001413,0.00371,18.86,0.40905,10.39,10.95,9.42,-3.79,4.14,-2.64
1009,0.006256,0.01685,0.007589,10.75,0.002241,0.002848,20.75,0.315409,9.4,9.42,10.65,4.15,-2.91,0.459999999999994
1010,0.009153,0.016947,0.012392,2.38,0.001089,0.002788,19.4,0.359255,9.73,10.43,10.24,-4.71,1.88,-4.37
1011,0.008968,0.017585,0.005144,11.47,0.002013,0.002352,21.54,0.457433,10.83,10.29,9.18,-3.63,3.07,1.27
1012,0.009521,0.02189,0.011431,0.05,0.002586,0.002583,18.1,0.553966,10.08,10.86,9.59,-2.19,-1.53,-2.33
1013,0.003243,0.016179,0.007684,16.5,0.001756,0.003976,20.02,0.147119,9.08,9.27,10.36,1.99,0.18,4.51000000000001
1014,0.003785,0.020988,0.007264,19.79,0.001546,0.003332,18.83,0.502962,10.29,10.12,9.84,0.17,-1.04,0.390000000000001
1015,0.007001,0.022706,0.009959,14.74,0.002287,0.002958,19.36,0.29006,9.54,9.07,10.63,-4.21,-3.15,3.55
1016,0.005725,0.019182,0.011207,8.68,0.001113,0.003601,21.28,0.383678,10.53,10.56,9.43,3.79,4.5,-0.709999999999994
1017,0.005088,0.021289,0.008915,4.34,0.002134,0.003753,18.72,0.533054,10.4,9.45,9.31,3.11,1.27,3.01000000000001
1018,0.007638,0.015575,0.010163,17.88,0.001462,0.002673,20.64,0.189424,9.41,10.92,10.51,-2.68,-0.12,-0.230000000000004
1019,0.010857,0.024882,0.006377,9.27,0.001877,0.002377,19.22,0.323936,9.65,10.48,10.23,-1.27,4.16,1.17
1020,0.004417,0.018231,0.012624,12.91,0.002707,0.003047,21.17,0.355542,10.65,9.89,9.97,1.69,-2.85,-3.39
1021,0.002606,0.023354,0.012439,10.89,0.002995,0.003628,19.98,0.265227,9.98,10.74,10.48,1.11,3.4,-1.73
1022,0.010159,0.019827,0.008691,6.95,0.001667,0.002797,21.9,0.422092,10.98,9.13,9.72,-0.91,-4.55,3.93000000000001
1023,0.006899,0.016546,0.005996,1.96,0.002408,0.003423,20.41,0.123375,9.23,10.19,10.76,4.71,-2.44,2.17
1024,0.006683,0.020244,0.010322,14.1,0.001814,0.002869,21.73,0.572368,9.44,9.62,10.85,0.54,4.9,0.180000000000007
